year,code,station,state,section_title,pH,conductivity_uScm,BOD_mg_L,DO_mg_L,nitrate_mg_L,waterbody,date
2016,1001,BEAS U/S MANALI,HIMACHAL PRADESH,Beas,8.15,340.0,2.1,6.75,0.55,BEAS,2016-06-30
2016,2601,BEAS D/S MANALI,HIMACHAL PRADESH,Beas,7.7,120.0,0.2,8.85,0.5,BEAS,2016-06-30
2016,2602,BEAS U/S KULLU,HIMACHAL PRADESH,Beas,7.550000000000001,143.0,0.1,8.65,0.4,BEAS,2016-06-30
2016,1002,BEAS D/S KULU,HIMACHAL PRADESH,Beas,5.449999999999999,214.5,0.6000000000000001,,0.7,BEAS,2016-06-30
2016,1003,BEAS D/S AUT,HIMACHAL PRADESH,Beas,7.6000000000000005,201.0,5.4,4.66,0.65,BEAS,2016-06-30
2016,1005,BEAS EXIT OF TUNNEL DEHAL POWER HOUSE,HIMACHAL PRADESH,Beas,7.55,255.0,3.0,6.8,0.2,Beas,2016-06-30
2016,1550,BEAS U/S MANDI,HIMACHAL PRADESH,Beas,7.65,175.5,0.1,9.55,0.35,BEAS,2016-06-30
2016,1006,BEAS D/S MANDI,HIMACHAL PRADESH,Beas,7.699999999999999,231.5,0.15000000000000002,9.55,0.5,BEAS,2016-06-30
2016,2604,BEAS D/S JAISINGHPUR,HIMACHAL PRADESH,Beas,7.8,309.0,1.15,8.1,0.1,BEAS,2016-06-30
2016,1007,BEAS D/S ALAMPUR,HIMACHAL PRADESH,Beas,7.699999999999999,310.5,0.7,7.75,0.15,BEAS,2016-06-30
2016,1009,BEAS D/S PONG DAM,HIMACHAL PRADESH,Beas,7.95,237.5,0.3,7.699999999999999,0.1,BEAS,2016-06-30
2016,1693,BEAS AT TALWARA H/W,PUNJAB,Beas,7.55,209.5,0.4,7.65,0.6000000000000001,BEAS,2016-06-30
2016,1694,BEAS U/S PATHANKOT,PUNJAB,Beas,7.3,257.5,0.75,6.9,1.15,BEAS,2016-06-30
2016,1695,BEAS D/S PATHANKOT,PUNJAB,Beas,7.35,291.0,1.1,7.4,1.7000000000000002,BEAS,2016-06-30
2016,1294,BEAS AT 1KM.D/S OF EFFL. DISH. POINT AT MUKERIAN,PUNJAB,Beas,7.25,334.0,3.0,5.7,1.7,BEAS,2016-06-30
2016,1011,BEAS AT G.T.ROAD UNDER BDG. NEAR KAPURTHALA,PUNJAB,Beas,7.4,243.0,1.0,7.55,1.2,BEAS,2016-06-30
2016,1696,BEAS U/S GOINDWAL,PUNJAB,Beas,7.5,259.0,1.15,7.4,1.5,BEAS,2016-06-30
2016,1012,BEAS 100M D/S INDUST. DISCH. GOINDWAL,PUNJAB,Beas,7.3,250.5,1.1,7.449999999999999,1.4,Beas,2016-06-30
2016,1697,"BEAS AT HARIKE, PUNJAB",PUNJAB,Beas,7.35,253.0,1.0,7.6,1.55,BEAS,2016-06-30
2016,2603,BEAS AT D/S PANDOH DAM,HIMACHAL PRADESH,Beas,7.4,148.5,0.1,10.25,0.55,BEAS,2016-06-30
2016,2913,EAST KALI BEIN FALLING INTO RIVER BEAS,PUNJAB,Beas,6.949999999999999,674.5,6.65,2.15,2.75,Beas,2016-06-30
2016,1867,"SATLUJ B/C WITH SPITI AT KHAB, DISTT.KINNAUR,",HIMACHAL PRADESH,Satluj,8.55,80.5,249.55,,0.05,SPITI,2016-06-30
2016,2611,SATLUJ AT KHAB,HIMACHAL PRADESH,Satluj,8.15,82.05,253.05,,0.05,SATLUJ,2016-06-30
2016,1086,SATLUJ U/S RAMPUR,HIMACHAL PRADESH,Satluj,8.1,66.5,221.05,,0.05,SATLUJ,2016-06-30
2016,1087,SATLUJ D/S RAMPUR,HIMACHAL PRADESH,Satluj,7.9,82.0,224.1,,0.1,SATLUJ,2016-06-30
2016,1013,SATLUJ U/S TATAPANI,HIMACHAL PRADESH,Satluj,7.55,84.25,199.55,,0.05,SATLUJ,2016-06-30
2016,1014,SATLUJ U/S SLAPPER,HIMACHAL PRADESH,Satluj,8.2,95.35,248.05,,0.1,SATLUJ,2016-06-30
2016,1015,SATLUJ D/S SLAPPER,HIMACHAL PRADESH,Satluj,8.399999999999999,93.25,201.05,,0.15,SATLUJ,2016-06-30
2016,1016,SATLUJ D/S BHAKHRA,HIMACHAL PRADESH,Satluj,7.35,105.65,141.1,,0.2,SATLUJ,2016-06-30
2016,1389,SATLUJ AT NEPTHA ZAKHAI,HIMACHAL PRADESH,Satluj,8.15,81.05,249.05,,0.1,SATLUJ,2016-06-30
2016,1017,"SATLUJ 100M U/S OF HEADWORKS, NANGAL",PUNJAB,Satluj,7.9,105.05,,,,Satluj,2016-06-30
2016,1018,"SATLUJ 100M D/S , NANGAL",PUNJAB,Satluj,7.8999999999999995,108.0,,,,Satluj,2016-06-30
2016,1293,SATLUJ 1 KM. D/S OF ZENITH,PUNJAB,Satluj,7.5,127.3,177.8,,1.5,Satluj,2016-06-30
2016,1814,SATLUJ D/S KIRATPUR SAHIB,PUNJAB,Satluj,8.05,110.65,156.3,,0.6,SATLUJ,2016-06-30
2016,1019,SATLUJ U/S HEAD WORKS ROPAR,PUNJAB,Satluj,7.6,120.0,151.7,,1.0,SATLUJ,2016-06-30
2016,1380,SATLUJ D/S NFL,PUNJAB,Satluj,7.8999999999999995,118.1,156.5,,0.7,SATLUJ,2016-06-30
2016,1690,SATLUJ U/S BUDHA NALLAH (UPPER),PUNJAB,Satluj,7.699999999999999,137.15,207.6,,0.95,SATLUJ,2016-06-30
2016,1020,"SATLUJ 100M D/S BUDHA NALA CONFL., LUDHIANA",PUNJAB,Satluj,6.5,204.95,448.6,,22.0,Satluj,2016-06-30
2016,1021,"SATLUJ AT BOAT BDG. DHARMKOTNAKODAR ROAD, JALANDHAR",PUNJAB,Satluj,7.5,183.95,402.1,,10.9,SATLUJ,2016-06-30
2016,1381,SATLUJ D/S EAST BEIN BASIN,PUNJAB,Satluj,4.9,164.55,397.1,,8.0,SATLUJ,2016-06-30
2016,1691,SATLUJ U/S HUSSANIWALA - H/W FEROZEPUR,PUNJAB,Satluj,7.5,109.45,153.0,,0.8,SATLUJ,2016-06-30
2016,1692,SATLUJD/S HUSSANIWALA-H/W FEROZEPUR,PUNJAB,Satluj,7.55,126.0,152.5,,0.9,Satluj,2016-06-30
2016,2915,"SATLUJ, 100 MT. D/S OF PACL, NANGAL",PUNJAB,Satluj,7.75,124.0,,,,Satluj,2016-06-30
2016,1022,"SATLUJ AT BRIDGE HARIKE, AMRITSAR",PUNJAB,Satluj,6.3,134.8,197.7,,2.4,SATLUJ,2016-06-30
2016,1088,RAVI U/S MADHOPUR,HIMACHAL PRADESH,Satluj,7.7,201.5,0.45,7.449999999999999,0.15,RAVI,2016-06-30
2016,1089,RAVI U/S CHAMBA,HIMACHAL PRADESH,Satluj,7.6,170.0,0.7999999999999999,8.649999999999999,0.1,RAVI,2016-06-30
2016,2614,RAVI AT CHAMERA RESERVOIR,HIMACHAL PRADESH,Satluj,7.699999999999999,441.5,0.35,8.600000000000001,0.1,RAVI,2016-06-30
2016,2615,RAVI D/S CHAMERA III HEP,HIMACHAL PRADESH,Satluj,7.699999999999999,173.5,0.35,8.600000000000001,0.1,RAVI,2016-06-30
2016,2613,RAVID/S OF CHAMBA TOWN,HIMACHAL PRADESH,Satluj,7.550000000000001,182.5,0.9500000000000001,8.65,0.1,Satluj,2016-06-30
2016,1097,"RAVI U/S OF MADHOPUR H/W, GURDASPUR",PUNJAB,Satluj,7.6,190.0,0.65,7.55,0.5,RAVI,2016-06-30
2016,1290,PARVATI B/C TO BEAS,HIMACHAL PRADESH,Satluj,7.6,458.0,0.1,8.95,0.35,Satluj,2016-06-30
2016,2605,PARVATI U/S MANIKARAN,HIMACHAL PRADESH,Satluj,7.4,84.5,0.1,9.2,0.6,PARVATI,2016-06-30
2016,2606,PARVATI D/S MANIKARAN,HIMACHAL PRADESH,Satluj,7.5,92.0,0.1,9.15,0.35,PARVATI,2016-06-30
2016,1090,LARGI AT D/S MANDI,HIMACHAL PRADESH,Satluj,6.25,193.5,0.1,8.7,0.5,LARGI,2016-06-30
2016,1551,"SIRSA , U/S SITOMAJRI NALLAHGARH",HIMACHAL PRADESH,Satluj,7.7,636.0,1.7,7.199999999999999,9.5,Satluj,2016-06-30
2016,1552,"SIRSA , D/S NALAGARH BRIDGE",HIMACHAL PRADESH,Satluj,8.05,1248.5,2.15,6.3,8.5,Satluj,2016-06-30
2016,1868,SIRSA D/S NALAGARH DISTT. SOLAN,HIMACHAL PRADESH,Satluj,7.949999999999999,1155.5,4.3,6.550000000000001,2.85,SIRSA,2016-06-30
2016,1869,SWAN D/S NANGAL DISTT. UNA,HIMACHAL PRADESH,Satluj,7.95,599.5,1.15,5.85,0.45,SWAN,2016-06-30
2016,2616,SIUEL D/S SURGANI,HIMACHAL PRADESH,Satluj,7.75,201.5,0.45,8.7,0.2,SIUEL,2016-06-30
2016,1307,CHUNT KOL (MAULANA AZAD BRIDGE),JAMMU & KASHMIR,Satluj,7.75,281.0,6.1,4.6,0.0,Satluj,2016-06-30
2016,2607,SUKETI KHAD D/S MANDI,HIMACHAL PRADESH,Satluj,7.6,334.5,0.25,9.2,0.45,KHAD,2016-06-30
2016,2608,BINWA D/S PAPROLA/BAIJNATH,HIMACHAL PRADESH,Satluj,7.4,154.1,0.5,7.85,0.1,BINWA,2016-06-30
2016,2609,NEUGAL D/S THURAL,HIMACHAL PRADESH,Satluj,7.8,212.8,0.65,8.2,0.15,NEUGAL,2016-06-30
2016,2610,SPITI AT KHAB,HIMACHAL PRADESH,Satluj,7.35,291.5,0.1,9.65,0.35,SPITI,2016-06-30
2016,2612,BASPA U/S RESERVOIR BASPA PROJECT,HIMACHAL PRADESH,Satluj,7.5,282.0,0.1,9.3,0.5,BASPA,2016-06-30
2016,1306,"GAWKADAL, SRG (SHERGHARI, SRG)",JAMMU & KASHMIR,Satluj,7.55,352.0,5.75,6.95,0.0,Satluj,2016-06-30
2016,1304,JHELAM D/S ANANTNAG,JAMMU & KASHMIR,Satluj,7.8500000000000005,396.5,2.3,7.4,0.0,JHELAM,2016-06-30
2016,1410,"JHELAM AT DALAGATE (INLET), SRINAGAR",JAMMU & KASHMIR,Satluj,7.75,358.0,3.0,6.45,0.0,JHELAM,2016-06-30
2016,1411,JHELAM AT CHATTABAL WEIR (OUTLET),JAMMU & KASHMIR,Satluj,7.75,337.0,3.35,6.85,0.0,JHELAM,2016-06-30
2016,3272,JHELUM AT VERINAG,JAMMU & KASHMIR,Satluj,7.55,250.5,0.6000000000000001,8.0,0.0,JHELUM,2016-06-30
2016,3273,"JHELUM AT SANGAM, CONFLUENCE POINT OF VISHAV NALLAH",JAMMU & KASHMIR,Satluj,7.3,313.5,1.85,7.3,0.0,JHELUM,2016-06-30
2016,3274,JHELUM AT AWANTIPORA,JAMMU & KASHMIR,Satluj,7.5,349.0,2.1500000000000004,8.2,0.0,JHELUM,2016-06-30
2016,3275,JHELUM AT PAMPORE,JAMMU & KASHMIR,Satluj,7.65,351.5,1.95,7.05,0.0,JHELUM,2016-06-30
2016,3276,"JHELUM ATSPORE, CONFLUENCE POINT OF WULAR LAKE",JAMMU & KASHMIR,Satluj,7.45,328.0,2.5,7.85,0.0,Satluj,2016-06-30
2016,3277,JHELUM D/S ATBARAMULLA,JAMMU & KASHMIR,Satluj,7.45,332.0,2.85,7.9,0.0,JHELUM,2016-06-30
2016,3278,LIDDER NALLAH AT LARIPORA,JAMMU & KASHMIR,Satluj,7.6,241.5,0.8,9.399999999999999,0.0,NALLAH,2016-06-30
2016,3279,LIDDER NALLAH AT CLUB PARK,JAMMU & KASHMIR,Satluj,7.85,245.0,0.8,8.2,0.0,NALLAH,2016-06-30
2016,3280,LIDDER NALLAH AT BUS ADDA,JAMMU & KASHMIR,Satluj,7.65,250.0,1.2,8.95,0.0,NALLAH,2016-06-30
2016,3281,"LIDDER NALLAH AT YANEER, D/S OF PHALGUM",JAMMU & KASHMIR,Satluj,7.6,225.5,0.8,7.85,0.0,NALLAH,2016-06-30
2016,3282,"LIDDER NALLAH NERA BUMZOO, ANANTNAG",JAMMU & KASHMIR,Satluj,7.550000000000001,216.0,0.8,9.3,0.0,Satluj,2016-06-30
2016,3283,SINDH U/S SONAMARG,JAMMU & KASHMIR,Satluj,8.0,217.5,0.55,8.45,0.0,SINDH,2016-06-30
2016,3284,SINDH D/S SONAMARG,JAMMU & KASHMIR,Satluj,7.9,215.5,0.6499999999999999,8.399999999999999,0.0,SINDH,2016-06-30
2016,3285,SINDH AT WAIL BRIDGE,JAMMU & KASHMIR,Satluj,7.95,243.0,0.85,9.45,0.0,SINDH,2016-06-30
2016,3286,SINDH AT DUDERHAMA,JAMMU & KASHMIR,Satluj,7.85,286.5,1.5,9.1,0.0,SINDH,2016-06-30
2016,3287,"SINDH AT RANGIL, SRINAGAR",JAMMU & KASHMIR,Satluj,7.8500000000000005,281.5,1.25,9.25,0.0,SINDH,2016-06-30
2016,2755,"BANGANGA (BATHING GHAT), KATRA",JAMMU & KASHMIR,Satluj,8.0,423.0,3.05,6.6,2.5,Satluj,2016-06-30
2016,2756,BANGANGA (IN FRONT OF PONY SHED NEAR REASI BRIDGE ) KATRA,JAMMU & KASHMIR,Satluj,7.949999999999999,413.5,4.05,6.85,3.9499999999999997,SHED,2016-06-30
2016,2752,SAMBA(BELOW NH-1A BRIDGE) BASANTAR US (R.H.S.),JAMMU & KASHMIR,Satluj,8.0,265.0,3.7,7.65,0.2,Satluj,2016-06-30
2016,2753,SAMBA (AT CHAK MANGA GUJJAR) BASANTAR D/S (R.H.S),JAMMU & KASHMIR,Satluj,7.75,246.0,4.0,7.3,0.25,BASANTAR,2016-06-30
2016,2748,"CHENAB, L.H.S. (BELOW BRIDGE CHENAB)",JAMMU & KASHMIR,Satluj,7.85,151.0,0.0,7.8999999999999995,0.5,Satluj,2016-06-30
2016,2749,"CHENAB, BLIND CURVE, SHAMSHAN GHAT",JAMMU & KASHMIR,Satluj,7.85,154.0,1.4,8.2,0.45,Satluj,2016-06-30
2016,2750,"CHENAB, CHADRA GAON VIEW POINT",JAMMU & KASHMIR,Satluj,7.75,150.0,0.0,8.3,0.15,Satluj,2016-06-30
2016,2751,"CHENAB, JAI PATAN MANDIR AFTER MEETING WITH MAIN DRAIN OF AKHNOOR CITY",JAMMU & KASHMIR,Satluj,7.55,152.5,3.15,8.1,0.39999999999999997,Satluj,2016-06-30
2016,2754,"DEVAK UDHAMPUR(NEAR SHIV MANDIR), L.H.S.",JAMMU & KASHMIR,Satluj,7.550000000000001,501.0,15.1,5.5,2.15,Satluj,2016-06-30
2016,2757,DEVAK AT UTTERBEHNI.,JAMMU & KASHMIR,Satluj,7.949999999999999,285.0,3.3,5.55,2.85,DEVAK,2016-06-30
2016,2743,"TAWI,U/S TAWI BRUDGE, BAGH –E-BAHU LIFTING POINT",JAMMU & KASHMIR,Satluj,7.8,196.5,1.6,7.4,0.05,Satluj,2016-06-30
2016,2744,"TAWI, BELOW TAWI BRIDGE",JAMMU & KASHMIR,Satluj,7.65,195.5,3.1,7.199999999999999,0.05,Satluj,2016-06-30
2016,2746,"TAWI,D/S TAWIBRIDGE , BELICHARANA",JAMMU & KASHMIR,Satluj,8.0,255.5,4.4,7.949999999999999,0.1,Satluj,2016-06-30
2016,2742,"U/S TAWI BRIDGE SHEETLI LIFTING, POINT, , NAGROTA",JAMMU & KASHMIR,Satluj,7.55,192.0,1.2,7.55,0.05,Satluj,2016-06-30
2016,2758,UJH AT DAM SITE,JAMMU & KASHMIR,Satluj,7.6,243.0,0.0,8.45,0.3,UJH,2016-06-30
2016,1492,YAMUNA AT YAMUNOTRI,UTTARAKHAND,Yamuna,7.5,,0.0,8.8,0.0,YAMUNA,2016-06-30
2016,1493,YAMUNA AT HANUMANCHATTI,UTTARAKHAND,Yamuna,7.6,,0.0,8.6,0.0,YAMUNA,2016-06-30
2016,1494,YAMUNA U/S OF LAKHWAR DAM,UTTARAKHAND,Yamuna,8.2,,,8.6,0.0,YAMUNA,2016-06-30
2016,1490,YAMUNA AT U/S DAK PATTHAR,UTTARAKHAND,Yamuna,7.75,,1.0,8.4,0.0,YAMUNA,2016-06-30
2016,1553,nan,YAMUNA U/S PAONTA SAHIB HIMACHAL PRADESH,Yamuna,8.1,513.0,0.5,7.199999999999999,0.35,Yamuna,2016-06-30
2016,1554,nan,YAMUNA D/S PAONTA SAHIB HIMACHAL PRADESH,Yamuna,8.1,442.0,1.0,7.199999999999999,0.35,Yamuna,2016-06-30
2016,1117,YAMUNA AT HATHNIKUND,HARYANA,Yamuna,7.55,257.5,1.5,9.45,0.0,YAMUNA,2016-06-30
2016,1496,"YAMUNA AT KALANAUR, YAMUNA NAGAR",HARYANA,Yamuna,7.55,287.5,1.5,7.8999999999999995,0.0,YAMUNA,2016-06-30
2016,1119,YAMUNA AT SONEPAT,HARYANA,Yamuna,7.6,765.0,6.5,9.45,0.2,YAMUNA,2016-06-30
2016,1120,YAMUNA AT WAZIRABAD,DELHI,Yamuna,7.6,2037.0,5.0,9.3,0.0,YAMUNA,2016-06-30
2016,1121,YAMUNA AT NIZAMUDDIN,DELHI,Yamuna,7.5,1146.5,24.5,1.5,0.0,YAMUNA,2016-06-30
2016,1812,YAMUNA AT OKHLA A/M OF SHAHDARA DRAIN,DELHI,Yamuna,7.45,1092.0,35.5,0.8500000000000001,0.0,YAMUNA,2016-06-30
2016,1497,YAMUNA AT MAZAWALI,UTTAR PRADESH,Yamuna,7.8,1500.5,18.5,3.4,0.1,YAMUNA,2016-06-30
2016,2495,"YAMUNA AT KESIGHAT, VRINDAVAN",UTTAR PRADESH,Yamuna,7.3,1423.5,8.5,6.5,0.0,YAMUNA,2016-06-30
2016,1123,YAMUNA U/S MATHURA,UTTAR PRADESH,Yamuna,7.7,1195.0,17.5,3.2,0.8,YAMUNA,2016-06-30
2016,2494,"YAMUNA AT VISHRAMGHAT, MATHURA",UTTAR PRADESH,Yamuna,7.300000000000001,1425.5,6.0,4.0,0.0,YAMUNA,2016-06-30
2016,1124,YAMUNA D/S MATHURA,UTTAR PRADESH,Yamuna,7.8,1314.0,12.5,4.65,0.45,YAMUNA,2016-06-30
2016,1125,YAMUNA U/S AGRA,UTTAR PRADESH,Yamuna,7.6499999999999995,1342.5,16.0,11.05,0.9,YAMUNA,2016-06-30
2016,1126,YAMUNA D/S AGRA,UTTAR PRADESH,Yamuna,7.6,1432.5,18.5,9.55,0.8,YAMUNA,2016-06-30
2016,2493,YAMUNA AT SHAHPUR,UTTAR PRADESH,Yamuna,7.85,1405.0,7.0,6.199999999999999,0.0,YAMUNA,2016-06-30
2016,1498,YAMUNA AT BATESWAR,UTTAR PRADESH,Yamuna,7.6,1209.0,14.5,7.699999999999999,0.7,YAMUNA,2016-06-30
2016,1127,YAMUNA AT ETAWAH,UTTAR PRADESH,Yamuna,7.65,1205.0,10.5,8.0,1.15,YAMUNA,2016-06-30
2016,1499,"YAMUNA AT JUHIKA B/C WITH CHANBAL, ETAWAH",UTTAR PRADESH,Yamuna,7.5,2205.0,7.0,8.100000000000001,0.4,YAMUNA,2016-06-30
2016,1069,YAMUNA AT ALLAHABAD D/S (BALUA GHAT),UTTAR PRADESH,Yamuna,8.100000000000001,525.0,2.5,8.100000000000001,1.0,YAMUNA,2016-06-30
2016,2724,"SUSWA AT MOTHRAWALA, DEHRADUN",UTTARAKHAND,Suswa,7.85,,32.0,2.5,0.0,SUSWA,2016-06-30
2016,2728,GOLA AT HALDWANI,UTTARAKHAND,Suswa,7.550000000000001,225.0,1.3,7.4,0.0,GOLA,2016-06-30
2016,1064,RAMGANGA B/C AT KANNAUJ UTTAR PRADESH,nan,Suswa,7.7,458.0,5.05,7.5,0.35,Suswa,2016-06-30
2016,2497,"KALI EAST AT KHARKHODA-PARIKSHIT GARH ROAD, VILL. KOL, MEERUT",UTTAR PRADESH,Suswa,7.6,1365.0,62.0,,3.6,EAST,2016-06-30
2016,1065,KALINAD B/CI AT KANNAUJ,UTTAR PRADESH,Suswa,7.6,598.0,5.05,7.65,0.35,Suswa,2016-06-30
2016,2482,"VARUNA AT RAMESHWAR, VARANASI",UTTAR PRADESH,Suswa,7.699999999999999,434.0,3.6,7.45,0.0,VARUNA,2016-06-30
2016,2483,VARUNA B/C WITH GANGA AT VARANASI,UTTAR PRADESH,Suswa,8.0,531.5,30.0,3.95,0.0,GANGA,2016-06-30
2016,1361,SAI AT UNNAO AFTER DRAIN OUTFALL,UTTAR PRADESH,Suswa,7.25,508.5,3.45,7.4,0.1,SAI,2016-06-30
2016,2484,"SAI AT JALALPUR, JAUNPUR",UTTAR PRADESH,Suswa,7.800000000000001,447.0,3.75,7.699999999999999,0.0,SAI,2016-06-30
2016,1350,GOMTI AT SITAPUR U/S AT WATER INTAKE,UTTAR PRADESH,Suswa,8.1,356.0,2.55,9.85,1.35,GOMTI,2016-06-30
2016,1351,GOMTI AT LUCKNOW U/S AT WATER INTAKE POINT,UTTAR PRADESH,Suswa,8.05,307.15,3.4000000000000004,8.0,3.6,GOMTI,2016-06-30
2016,1352,GOMTI D/S LUCKNOW,UTTAR PRADESH,Suswa,7.65,828.5,11.5,2.1999999999999997,4.2,GOMTI,2016-06-30
2016,1353,GOMTI D/S JAUNPUR,UTTAR PRADESH,Suswa,8.3,464.0,4.5,7.95,0.0,GOMTI,2016-06-30
2016,1072,GOMTI AT VARANASI,UTTAR PRADESH,Suswa,7.800000000000001,431.0,3.75,8.3,0.0,GOMTI,2016-06-30
2016,2491,"RAPTI AT RAJGHAT, GORAKHPUR",UTTAR PRADESH,Suswa,8.0,496.0,4.45,7.35,0.6,RAPTI,2016-06-30
2016,1363,"RAPTI A/C OF HONIN NR. DOMINGARH RLY BRIDGE, GORAKHPUR",UTTAR PRADESH,Suswa,8.1,376.0,2.4000000000000004,7.7,0.25,HONIN,2016-06-30
2016,1354,SARYU AT AYODHYA AT MAIN BATHING GHAT,UTTAR PRADESH,Suswa,7.85,195.0,3.5,8.65,0.75,SARYU,2016-06-30
2016,1355,GHAGHARA D/S DEORIA,UTTAR PRADESH,Suswa,8.1,419.0,2.65,7.75,0.25,GHAGHARA,2016-06-30
2016,2492,"GHAGHRA AT BARHALGANJ, GORAKHPUR",UTTAR PRADESH,Suswa,8.05,497.0,3.7,7.5,0.5,GHAGHRA,2016-06-30
2016,1076,GHAGHARA NEAR CHAPRA,BIHAR,Suswa,7.8,320.0,2.45,8.3,0.0,GHAGHARA,2016-06-30
2016,1359,RIHAND U/S RENUKUT,UTTAR PRADESH,Suswa,7.699999999999999,332.0,1.6,7.5,0.25,RIHAND,2016-06-30
2016,1360,RIHAND D/S RENUKUT,UTTAR PRADESH,Suswa,7.800000000000001,348.0,1.65,7.85,0.25,RIHAND,2016-06-30
2016,1075,SONE AT KOELWAR,BIHAR,Suswa,7.7,320.0,2.45,6.9,0.0,SONE,2016-06-30
2016,1078,"GANDAK B/C AT SONEPUR, PATNA",BIHAR,Suswa,7.8,281.0,2.35,8.5,0.0,Suswa,2016-06-30
2016,2568,"GANDAK AT REWAGHAT, MUJAFFARPUR",BIHAR,Suswa,7.6,268.0,2.3,8.25,0.0,GANDAK,2016-06-30
2016,2570,GANDAK AT SAMASTIPUR ROAD BRIDGE,BIHAR,Suswa,8.1,369.5,2.45,8.5,0.0,GANDAK,2016-06-30
2016,2575,"SIKRAHNA AT LAL PARSE, BITTIAH",BIHAR,Suswa,7.85,596.5,2.5,7.4,0.0,SIKRAHNA,2016-06-30
2016,1820,SIKRANA AT CHANPATIYA,BIHAR,Suswa,7.8,422.0,2.5999999999999996,7.3,0.0,SIKRANA,2016-06-30
2016,2562,"BURHI GANDAK AT AKHARAGHAT, MUZAFFARPUR",BIHAR,Suswa,8.05,385.5,2.35,7.8,0.0,GANDAK,2016-06-30
2016,2558,HARBORA AT NARKATIAGANJ,BIHAR,Suswa,7.2,403.5,2.8,7.35,0.0,HARBORA,2016-06-30
2016,2567,KAMALA AT BENIPATTI (MADHUBANI),BIHAR,Suswa,8.25,350.0,2.35,8.7,0.0,KAMALA,2016-06-30
2016,2569,KAMALA AT DARBHANGA,BIHAR,Suswa,7.75,691.5,2.35,7.8,0.0,KAMALA,2016-06-30
2016,2563,"MANUSMARAT RIGA, SITAMARHI",BIHAR,Suswa,7.5,499.5,2.35,7.35,0.0,Suswa,2016-06-30
2016,2565,KOSHI AT KURSHELA AT KATIHAR,BIHAR,Suswa,7.1,274.5,2.45,7.699999999999999,0.0,KOSHI,2016-06-30
2016,2566,KOSHI AT MADHEPURA,BIHAR,Suswa,7.4,273.5,2.4,7.6,0.0,KOSHI,2016-06-30
2016,1821,DAHA AT SIWAN,BIHAR,Suswa,7.75,523.0,2.65,7.4,0.0,DAHA,2016-06-30
2016,2560,DAHA D/S SASAMUSA,BIHAR,Suswa,7.4,450.0,2.5,7.75,0.0,DAHA,2016-06-30
2016,2561,"DAHA AT ITWA BRIDGE, SIWAN",BIHAR,Suswa,7.800000000000001,369.0,2.4,8.05,0.0,DAHA,2016-06-30
2016,1823,DHOUS AT MADHUBANI,BIHAR,Suswa,8.1,348.0,2.4,7.7,0.0,DHOUS,2016-06-30
2016,1824,FARMAR AT JOGBANI,BIHAR,Suswa,7.1,289.75,2.4,7.1,0.0,FARMAR,2016-06-30
2016,2559,RAM REKHAAT HARINAGAR,BIHAR,Suswa,7.4,392.0,2.65,7.0,0.0,Suswa,2016-06-30
2016,1822,SIRSA AT RUXOL,BIHAR,Suswa,7.35,548.0,10.25,6.4,0.0,SIRSA,2016-06-30
2016,1510,TONS RIVER,HIMACHAL PRADESH,Tons,7.25,89.7,0.65,9.05,0.25,Tons,2016-06-30
2016,2620,ASHWANI U/S YASHWANT NAGAR,HIMACHAL PRADESH,Tons,8.1,433.0,1.05,8.05,2.25,ASHWANI,2016-06-30
2016,2626,BATTA U/S PAONTA,HIMACHAL PRADESH,Tons,8.05,415.5,0.65,7.8,0.35,BATTA,2016-06-30
2016,2627,BATTA B/C TO YAMUNA,HIMACHAL PRADESH,Tons,8.0,489.0,0.7999999999999999,7.550000000000001,0.35,Tons,2016-06-30
2016,2621,GIRI D/S YASHWANT NAGAR,HIMACHAL PRADESH,Tons,8.149999999999999,392.0,1.55,8.5,2.55,GIRI,2016-06-30
2016,2622,GIRI U/S CCI MINES,HIMACHAL PRADESH,Tons,8.0,641.5,0.65,8.0,0.39999999999999997,GIRI,2016-06-30
2016,2623,GIRI D/S SATAUN,HIMACHAL PRADESH,Tons,8.0,666.0,0.8500000000000001,7.65,0.44999999999999996,GIRI,2016-06-30
2016,2617,PABBAR U/S DHAMBARI,HIMACHAL PRADESH,Tons,7.75,89.35,0.75,8.95,0.35,PABBAR,2016-06-30
2016,2618,PABBAR U/S ROHRU,HIMACHAL PRADESH,Tons,7.5,107.05,0.65,8.6,0.35,PABBAR,2016-06-30
2016,2619,PABBAR D/S SWARAKUDDU,HIMACHAL PRADESH,Tons,7.65,100.5,0.9500000000000001,9.05,0.3,PABBAR,2016-06-30
2016,1357,HINDON AT SAHARANPUR D/S,UTTAR PRADESH,Tons,7.4,690.0,42.0,,0.0,HINDON,2016-06-30
2016,2496,"HINDON AT SARDHANA BUDHANA ROAD, VILLAGE BAPARSI, MEERUT",UTTAR PRADESH,Tons,7.45,850.0,54.5,,4.85,HINDON,2016-06-30
2016,1358,HINDON D/S GHAZIABAD,UTTAR PRADESH,Tons,7.1,1205.5,55.0,0.0,81.25,HINDON,2016-06-30
2016,1356,BETWA B/C YAMUNA AT HAMIRPUR,UTTAR PRADESH,Tons,8.1,346.5,3.45,6.1,0.0,YAMUNA,2016-06-30
2016,2107,BETWA U/S BEENA,MADHYA PRADESH,Tons,8.2,320.0,1.65,43.7,2.95,BETWA,2016-06-30
2016,2108,BETWA D/S BEENA,MADHYA PRADESH,Tons,8.2,292.0,1.7,7.4,2.2,BETWA,2016-06-30
2016,2119,"BETWA AT NAYAPUR D/S MANDIDEEP INDL. AREA NO.1, DISTRICT RAISEN",MADHYA PRADESH,Tons,7.3,3390.0,11.1,6.65,0.05,BETWA,2016-06-30
2016,2121,"BETWA NEAR ROAD BRIDGE, BHOJPUR",MADHYA PRADESH,Tons,7.95,423.5,2.15,7.25,1.3,BETWA,2016-06-30
2016,2122,BETWA NEAR W/S INTAKE WELL POINT RAISEN,MADHYA PRADESH,Tons,7.9,840.5,1.5999999999999999,7.7,0.1,BETWA,2016-06-30
2016,1614,"BETWA NEAR INTAKE POINT, VIDISHA",MADHYA PRADESH,Tons,8.0,425.0,1.9,7.45,1.05,BETWA,2016-06-30
2016,2124,"BETWA AT CHARANTIRGHAT, VIDISHA",MADHYA PRADESH,Tons,8.1,536.0,2.9,7.1,1.8,BETWA,2016-06-30
2016,2125,BETWA D/S AFTER MIXING OF BAIS AT VIDISHA,MADHYA PRADESH,Tons,8.05,485.0,2.45,7.449999999999999,0.15,BETWA,2016-06-30
2016,1735,GOVIND SAGAR,UTTAR PRADESH,Tons,8.3,487.0,3.15,6.550000000000001,0.0,Tons,2016-06-30
2016,2120,"KALIASOT NEAR ROAD BRIDGE, MANDIDEEP",MADHYA PRADESH,Tons,7.65,627.25,2.25,6.95,2.15,KALIASOT,2016-06-30
2016,1142,SONE AT CHACHAI,MADHYA PRADESH,Tons,7.75,376.0,1.55,7.449999999999999,0.7999999999999999,SONE,2016-06-30
2016,1371,SONE AT AMLAI,MADHYA PRADESH,Tons,7.699999999999999,386.0,1.55,7.35,0.8500000000000001,SONE,2016-06-30
2016,1610,SONE AT ORIGINE AMARKANTAK,MADHYA PRADESH,Tons,7.3,155.5,1.05,6.55,1.0,SONE,2016-06-30
2016,3327,"SONE AT AMLAI, 100 METRE D/S AFTER MIXING OF ATPS",MADHYA PRADESH,Tons,7.3999999999999995,985.0,6.8,3.5,1.75,SONE,2016-06-30
2016,1612,SONE AT DEVLOAD OUT- LET OF BANSAGAR DAM,MADHYA PRADESH,Tons,7.8,346.65,1.2999999999999998,7.85,0.55,SONE,2016-06-30
2016,3121,SONE NEAR BANZARI,BIHAR,Tons,7.9,710.5,2.35,8.2,0.0,SONE,2016-06-30
2016,3127,SONE RIVER AT BAHIYARA,BIHAR,Tons,7.85,310.0,2.35,7.1,0.0,RIVER,2016-06-30
2016,3128,SONE RIVER AT NASIRIGANJ DAM,BIHAR,Tons,7.95,669.0,2.35,8.35,0.0,RIVER,2016-06-30
2016,3309,"CHAMBAL AT TAL VILLAGE NEAR BRIDGE, UJJAIN",MADHYA PRADESH,Tons,7.95,1005.0,3.8,7.35,2.5,CHAMBAL,2016-06-30
2016,3310,"CHAMLA AT W/S INTAKE POINT BADNAGAR, UJJAIN",MADHYA PRADESH,Tons,8.05,809.5,2.9,7.05,1.95,CHAMLA,2016-06-30
2016,1365,CHAMBAL AT NAGDA U/S (WATER INTAKE POINT),MADHYA PRADESH,Tons,7.9,550.0,1.95,7.3,1.6,CHAMBAL,2016-06-30
2016,1366,CHAMBAL D/S NAGDA,MADHYA PRADESH,Tons,7.85,9773.5,29.45,6.8,3.85,CHAMBAL,2016-06-30
2016,2955,"CHAMBAL ENTERING IN RAJASTHAN AT GANDHI SAGAR DAM, KOTA",RAJASTHAN,Tons,8.65,345.0,1.2,5.65,0.9500000000000001,RAJASTHAN,2016-06-30
2016,1418,"CHAMBAL AT GANDHI SAGAR DAM, RAMPURA",MADHYA PRADESH,Tons,7.800000000000001,417.0,1.9,7.550000000000001,1.05,CHAMBAL,2016-06-30
2016,1288,CHAMBAL AT KOTA U/S (INTAKE PT. NEAR BARRAGE),RAJASTHAN,Tons,8.25,285.0,0.9,6.3,0.8500000000000001,CHAMBAL,2016-06-30
2016,1289,CHAMBAL AT KOTA D/S (2 KM. FROM CITY),RAJASTHAN,Tons,8.5,545.0,2.0,5.65,1.1,CHAMBAL,2016-06-30
2016,1413,CHAMBAL AT RAMESHWARGHAT NR. SAWAIMADHOPUR,RAJASTHAN,Tons,8.45,440.0,1.4500000000000002,5.5,0.9,CHAMBAL,2016-06-30
2016,1609,CHAMBAL AT DHOLPUR,MADHYA PRADESH,Tons,7.85,647.5,1.7999999999999998,8.1,1.4,CHAMBAL,2016-06-30
2016,1615,PARVATI NEAR INTAKE POINT PILLUKHEDI DISTT. RAJGARH,MADHYA PRADESH,Tons,7.35,513.5,2.2,7.800000000000001,0.0,PARVATI,2016-06-30
2016,2126,"PARVATI A/C OF VINDHYACHAL NALLA, PILUKHEDI",MADHYA PRADESH,Tons,7.5,488.0,2.3499999999999996,7.449999999999999,0.6,Tons,2016-06-30
2016,2954,"PARVATI B/M CHAMBAL AT KHATOLI, KOTA",RAJASTHAN,Tons,8.5,450.0,1.35,6.2,1.05,CHAMBAL,2016-06-30
2016,1607,"GOHAD DAM, GOHAD",MADHYA PRADESH,Tons,8.05,779.0,3.55,6.1499999999999995,1.4,Tons,2016-06-30
2016,1367,KHAN AT KABIT KHEDI (NEAR INDORE),MADHYA PRADESH,Tons,7.6,1258.0,29.0,3.65,12.55,KHAN,2016-06-30
2016,1369,KSHIPRA AT RAMGHAT AT UJJAIN,MADHYA PRADESH,Tons,7.9,1087.0,9.3,5.15,3.45,KSHIPRA,2016-06-30
2016,1370,KSHIPRA AT TRIVENISANGAM (1 KM. D/S OF SANGAM),MADHYA PRADESH,Tons,8.2,940.5,7.85,5.8999999999999995,2.7,KSHIPRA,2016-06-30
2016,1468,KSHIPRA AT SIDDHAWAT (D/S) OF UJJAIN,MADHYA PRADESH,Tons,7.8999999999999995,1046.0,22.0,5.65,3.6,KSHIPRA,2016-06-30
2016,2953,"KALI SINDH AT ANICUT OF M/S CFCL GADEPAN, KOTA",RAJASTHAN,Tons,8.4,420.0,1.25,5.5,1.05,SINDH,2016-06-30
2016,2956,"RIVER KALI SINDH AT BAROD ROAD BRIDGE, KOTA",RAJASTHAN,Tons,8.5,570.0,91.45,5.75,1.2,KALI SINDH,2016-06-30
2016,1608,SINDH AT DABRA,MADHYA PRADESH,Tons,8.0,609.5,1.4500000000000002,9.0,1.4,SINDH,2016-06-30
2016,2117,"BICHIA, BRIDGE GOVINDGARH ROAD",MADHYA PRADESH,Tons,7.55,606.0,2.8,6.25,1.25,Tons,2016-06-30
2016,1433,SANKH AT TIGRA RESERVOIR,MADHYA PRADESH,Tons,7.55,837.5,1.85,8.0,1.4,SANKH,2016-06-30
2016,2950,"BANAS,DHANARI DAM, NEAR SWAROOPGANJ, SIROHI",RAJASTHAN,Tons,8.25,465.0,1.25,5.9,2.6,Tons,2016-06-30
2016,2952,"BANAS,NEAR NEWTA DAM, JAIPUR",RAJASTHAN,Tons,8.75,1160.0,8.45,3.05,3.65,Tons,2016-06-30
2016,2951,"BANAS,BISULPUR DAM, TONK",RAJASTHAN,Tons,8.6,345.0,1.2,4.85,1.0,Tons,2016-06-30
2016,2945,"CHHAPI ,U/S OF CHHAPI DAM, JHALAWAR",RAJASTHAN,Tons,8.1,300.0,1.05,5.300000000000001,0.8500000000000001,Tons,2016-06-30
2016,2946,"UJAD,U/S OF BHIM SAGAR DAM, JHALAWAR",RAJASTHAN,Tons,8.149999999999999,385.0,1.3,5.699999999999999,0.9,Tons,2016-06-30
2016,2401,AJAY AT MASANJORE DAM,JHARKHAND,Tons,7.5,173.25,171.45,,,AJAY,2016-06-30
2016,3132,BAGMATI AT MUZAFFARPUR- SITAMARHI ROAD BRIDGE,BIHAR,Tons,7.8500000000000005,125.1,516.0,,,BAGMATI,2016-06-30
2016,3135,"BAGMATI AT DARBANGA, SAMASTIPUR ROAD BRIDGE",BIHAR,Tons,8.25,125.4,196.4,,,BAGMATI,2016-06-30
2016,3162,BAGMATI AT MUZAFFARPUR- SITAMARHI ROAD BRIDGE,BIHAR,Tons,,467.3,,,,BAGMATI,2016-06-30
2016,2734,BHALLA U/S KASHIPUR,UTTARAKHAND,Tons,7.6499999999999995,118.8,188.5,,,BHALLA,2016-06-30
2016,2735,BHALLA AT LOHIA BRIDGE D/S KASHIPUR,UTTARAKHAND,Tons,3.8,228.8,399.0,,,BHALLA,2016-06-30
2016,2116,BIHAR D/S NEAR FOREST OFFICE,MADHYA PRADESH,Tons,7.5,164.8,395.25,,,BIHAR,2016-06-30
2016,3308,"CHAMBAL AT JAWNPAWA, FROM ORIGIN POINT, INDORE",MADHYA PRADESH,Tons,7.45,154.25,311.6,,,CHAMBAL,2016-06-30
2016,3129,DAHA AT MEERGANJ,BIHAR,Tons,8.55,143.1,252.7,,,DAHA,2016-06-30
2016,2378,DAMODAR D/S BHAIRABI AT RAJRAPPA,JHARKHAND,Tons,8.0,,,,,DAMODAR,2016-06-30
2016,2380,DAMODAR AT RAMGARH ROAD BRIDGE,JHARKHAND,Tons,7.6,,,,,DAMODAR,2016-06-30
2016,2732,DHELA U/S AT KASHIPUR MORADABAD ROAD BRIDGE,UTTARAKHAND,Tons,8.05,127.8,261.6,,,DHELA,2016-06-30
2016,2733,DHELA D/S AT THAKURDWARA ALIGANJ ROAD,UTTARAKHAND,Tons,7.75,219.15,501.0,,,DHELA,2016-06-30
2016,3124,GANDAK U/S ROAD BRIDGE MUZAFFARPUR (NH),BIHAR,Tons,8.0,129.7,335.85,,,GANDAK,2016-06-30
2016,3125,GANDAK GOPALGANJ PIPRAKOTHI ROAD BRIDGE (DUMARIA GHAT),BIHAR,Tons,8.55,120.8,163.9,,,Tons,2016-06-30
2016,3126,U/S HARBORA BEFORE SUGAR MILL NEAR ROAD BRIDGE NARKATIGANJ,BIHAR,Tons,7.85,115.65,239.4,,,MILL,2016-06-30
2016,2524,"KALJANI D/S OF ALIPURDWAR, MUNICIPALITY DISCHARGE POINT",WEST BENGAL,Tons,7.75,54.05,86.7,,,KALJANI,2016-06-30
2016,1611,JOHILA NEAR NAROJABAD NEAR UMARIA ROAD BRIDGE,MADHYA PRADESH,Tons,7.95,112.1,271.4,,,JOHILA,2016-06-30
2016,3133,"KAMALA AT JAYNAGAR,",BIHAR,Tons,8.85,153.25,240.0,,,KAMALA,2016-06-30
2016,2110,"KHAN AT SAKKAR KHADI, INDORE",MADHYA PRADESH,Tons,6.2,456.1,762.0,,,KHAN,2016-06-30
2016,2111,KHAN AT SANWER,MADHYA PRADESH,Tons,6.75,335.1,622.0,,,KHAN,2016-06-30
2016,2729,KICHHA AT KICHHA U.S. NAGAR,UTTARAKHAND,Tons,6.25,258.9,399.0,,,KICHHA,2016-06-30
2016,1613,"KOLAR DAM WATER SUPPLY INTAKE WELL, DISTT. SEHORE,",MADHYA PRADESH,Tons,7.75,111.3,418.9,,,Tons,2016-06-30
2016,2388,KONAR AT TILAYA DAM,JHARKHAND,Tons,7.949999999999999,,,,,KONAR,2016-06-30
2016,2389,KONAR AT KONAR DAM,JHARKHAND,Tons,7.699999999999999,,,,,KONAR,2016-06-30
2016,3137,KOSHI AT BEERPUR,BIHAR,Tons,8.05,117.4,254.1,,,KOSHI,2016-06-30
2016,2731,KOSI AT KASHIPUR BAJPUR ROAD BRIDGE,UTTARAKHAND,Tons,7.0,143.8,187.2,,,KOSI,2016-06-30
2016,3315,"KSHIPRA AT GAUGHAT, UJJAIN",MADHYA PRADESH,Tons,7.7,250.7,721.8,,,KSHIPRA,2016-06-30
2016,3316,"KSHIPRA AT U/S OF MAHIDPUR CITY, UJJAIN",MADHYA PRADESH,Tons,7.4,304.45,669.0,,,KSHIPRA,2016-06-30
2016,3317,"KSHIPRA AT W/S INTAKE POINT OF DEWAS, UJJAIN",MADHYA PRADESH,Tons,7.6,169.35,491.75,,,KSHIPRA,2016-06-30
2016,1372,MANDAKINI AT CHITRAKUT,MADHYA PRADESH,Tons,8.55,6.15,2.55,,,MANDAKINI,2016-06-30
2016,3311,"JAMUNI U/S BARIYAGHAT NEAR INTAKE POINT, TIKAMGARH",MADHYA PRADESH,Tons,7.9,68.7,246.60000000000002,,,JAMUNI,2016-06-30
2016,3326,"SIMRAR AT KATNI NEAR ACC W/S INTAKE POINT, JABLAPUR",MADHYA PRADESH,Tons,7.6,126.15,355.5,,,SIMRAR,2016-06-30
2016,3131,U/S MANUSMAR RIVER AT BAKHARI RIGA,BIHAR,Tons,7.8,127.3,237.5,,,RIVER,2016-06-30
2016,2379,NALKARI TRIBUTARY AT PATRATU,JHARKHAND,Tons,5.35,,,,,TRIBUTARY,2016-06-30
2016,2736,"NANDAUR U/S SITARGANJ INDUSTRIAL AREA, US NAGAR",UTTARAKHAND,Tons,7.449999999999999,98.75,191.1,,,NANDAUR,2016-06-30
2016,2737,"NANDAUR D/S SITARGANJ INDUSTRIAL AREA, US NAGAR",UTTARAKHAND,Tons,6.949999999999999,96.7,171.5,,,NANDAUR,2016-06-30
2016,3319,"NEWAJ W/S INTAKE POINT, SHUJALPUR, UJJAIN",MADHYA PRADESH,Tons,7.4,128.4,466.0,,,Tons,2016-06-30
2016,2730,PILKHAR AFTER BILASPUR RAMPUR,UTTARAKHAND,Tons,6.5,189.25,392.0,,,Tons,2016-06-30
2016,3119,POONPUN NEAR POONPUN RAIL BRIDGE,BIHAR,Tons,8.3,116.3,317.05,,,POONPUN,2016-06-30
2016,3120,POONPUN NEAR KINZER ROAD BRIDGE,BIHAR,Tons,8.55,117.25,288.5,,,POONPUN,2016-06-30
2016,3130,RAMREKHA U/S HARINAGAR,BIHAR,Tons,7.55,141.45,234.0,,,RAMREKHA,2016-06-30
2016,3134,"SIKRAHNA AT LAUREA, HARINAGAR ROAD BRIDGE",BIHAR,Tons,7.9,127.4,317.5,,,SIKRAHNA,2016-06-30
2016,3136,SIRSA D/S RAXAUL (KOERIA TOLA),BIHAR,Tons,6.75,134.4,387.15,,,SIRSA,2016-06-30
2016,3328,"TONS AT MADHAVGARH, NEAR PHED W/S INTAKE POINT, SATNA",MADHYA PRADESH,Tons,7.449999999999999,4.5,1.05,,,TONS,2016-06-30
2016,3329,"TONS AT CHAKGHAT NEAR W/S PUMPING STATION, REWA",MADHYA PRADESH,Tons,7.5,175.35,385.25,,,TONS,2016-06-30
2016,1143,TONS AT CHAKGHAT,MADHYA PRADESH,Tons,7.65,34.4,698.75,,,TONS,2016-06-30
2016,1144,TONS AT MADHAVGARH,MADHYA PRADESH,Tons,6.9,5.3,430.0,,,TONS,2016-06-30
2016,2382,DAMODAR AT PHUSRO ROAD BRIDGE,JHARKHAND,Tons,7.3,,2.8,7.2,0.0,DAMODAR,2016-06-30
2016,2383,DAMODAR U/S JAMADOVA,JHARKHAND,Tons,7.45,,1.85,7.55,0.0,DAMODAR,2016-06-30
2016,2384,DAMODAR D/S SINDRI,JHARKHAND,Tons,7.5,,2.05,7.449999999999999,0.0,DAMODAR,2016-06-30
2016,2391,DAMODAR AT PANCHET DAM,JHARKHAND,Tons,7.55,,1.5,7.65,0.0,DAMODAR,2016-06-30
2016,1331,DAMODAR AT DISHERGARH VILL.(NR.BIHAR-WEST BENGAL BORDER),WEST BENGAL,Tons,7.75,268.5,4.5,9.15,0.65,DAMODAR,2016-06-30
2016,1332,DAMODAR AT D/S OF IISCO AFTER 3RD OUTFALL AT DHENNA VILLAGE,WEST BENGAL,Tons,7.7,273.0,2.7,9.3,0.44999999999999996,DAMODAR,2016-06-30
2016,1333,DAMODAR AT NARAINPUR A/C OF NUNIA NALLAH,WEST BENGAL,Tons,7.75,383.5,5.45,9.85,0.65,DAMODAR,2016-06-30
2016,1334,DAMODAR NEAR MUJHER MANA VILLAGE A/C OF TAMLA NALLAH,WEST BENGAL,Tons,7.75,556.0,2.9000000000000004,6.8,0.75,DAMODAR,2016-06-30
2016,1335,"HOOGHLY, DURGACHAK, NEAR PATHIKALI",WEST BENGAL,Tons,7.85,11998.5,2.35,6.75,0.3,Tons,2016-06-30
2016,2527,"DAMODAR,WATER INTAKE POINT FOR BURDWAN TOWN",WEST BENGAL,Tons,7.8500000000000005,288.0,3.4,8.9,0.55,Tons,2016-06-30
2016,2392,BARAKAR AT MAITHAN DAM,JHARKHAND,Tons,7.55,,1.2999999999999998,7.550000000000001,0.0,BARAKAR,2016-06-30
2016,1336,BARAKAR AT ASANSOL (WATER INTAKE POINT),WEST BENGAL,Tons,7.699999999999999,219.5,3.35,8.9,0.65,BARAKAR,2016-06-30
2016,2390,KONAR AT TENUGHAT DAM,JHARKHAND,Tons,7.5,,1.3,7.7,0.0,KONAR,2016-06-30
2016,2509,"RUPNARAYAN , D/S AT KOLAGHAT, NEAR KOLAGHAT RAIL BRIDGE NO.3",WEST BENGAL,Tons,7.85,2899.0,1.25,6.800000000000001,0.4,Tons,2016-06-30
2016,1337,RUPNARAYAN B/C TO RIVER GANGA NEAR GEONKHALI,WEST BENGAL,Tons,8.15,6286.0,1.65,6.65,0.44999999999999996,GANGA,2016-06-30
2016,2541,DWARAKESHWAR WATER INTAKE POINT FOR BANKURA TOWN,WEST BENGAL,Tons,7.75,353.0,2.7,7.75,0.7000000000000001,Tons,2016-06-30
2016,2531,"DWARKA, U/S OF TARAPITH AT SADHAK BAMDEB GHAT",WEST BENGAL,Tons,7.75,563.0,6.05,7.7,0.6,TARAPITH,2016-06-30
2016,2532,"DWARKA , D/S OF TARAPITH, AT SATIGHAT",WEST BENGAL,Tons,7.75,528.0,6.3,8.5,0.6,Tons,2016-06-30
2016,2508,"SILABATI, D/S AT GHATAL",WEST BENGAL,Tons,7.5,909.5,2.1999999999999997,6.5,0.35,Tons,2016-06-30
2016,2514,"JALANGI, D/S OF KRISHNA NAGAR",WEST BENGAL,Tons,7.7,453.0,4.550000000000001,5.7,0.5,Tons,2016-06-30
2016,1764,CHURNI D/S OF SANTIPUR TOWN,WEST BENGAL,Tons,7.6,437.5,6.65,4.55,1.0,CHURNI,2016-06-30
2016,2518,"CHURNI, MAJHADIA",WEST BENGAL,Tons,7.75,458.5,5.15,3.5,0.65,Tons,2016-06-30
2016,2517,"MATHA BHANGA, GOBINDAPUR",WEST BENGAL,Tons,7.699999999999999,461.5,5.25,3.35,0.39999999999999997,Tons,2016-06-30
2016,2534,"MAYURAKSHI, WATER INTAKE POINT FOR SURI TOWN",WEST BENGAL,Tons,7.55,156.0,2.75,7.6499999999999995,0.5,Tons,2016-06-30
2016,2507,"KANSI, D/S MIDNAPORE, NEAR NEW HANUMAN MANDIR, GANDHIGHAT",WEST BENGAL,Tons,7.9,241.5,4.75,8.399999999999999,0.3,Tons,2016-06-30
2016,1946,MAHANANDA AT SILIGURI,WEST BENGAL,Tons,7.2,150.5,3.65,6.0,0.4,MAHANANDA,2016-06-30
2016,2525,"MAHANANDA D/S, RAMGHAT",WEST BENGAL,Tons,7.3,295.5,13.7,3.7,0.35,MAHANANDA,2016-06-30
2016,2572,"MAHANANDA AT THAKURGANJ, KISHANGANJ ROAD BRIDGE",BIHAR,Tons,7.05,266.0,15.0,7.3,0.0,MAHANANDA,2016-06-30
2016,2549,"VINDYADHARI, U/S HAROA BRIDGE",WEST BENGAL,Tons,7.75,4259.0,25.0,1.3,0.85,Tons,2016-06-30
2016,2550,VINDYADHARI D/S MALANCHA BURNING GHAT,WEST BENGAL,Tons,7.7,13788.0,17.0,2.3499999999999996,0.65,VINDYADHARI,2016-06-30
2016,2381,BOKARO AT JARANDI,JHARKHAND,Tons,7.3,,2.5,6.7,0.0,BOKARO,2016-06-30
2016,1260,BRAHAMPUTRA AT KHERGHAT (A/C WITH DIBANG & DIHANG),ASSAM,Brahamputra,7.5,173.5,1.5,7.4,1.1,BRAHAMPUTRA,2016-06-30
2016,1030,BRAHAMPUTRA AT DIBRUGARH,ASSAM,Brahamputra,7.699999999999999,165.5,1.6,8.3,0.2,BRAHAMPUTRA,2016-06-30
2016,1262,BRAHAMPUTRA AT NIMATIGHAT,ASSAM,Brahamputra,7.55,115.0,2.45,6.55,0.3,BRAHAMPUTRA,2016-06-30
2016,1526,BRAHMPUTRA AT DHENUKHAPAHAR,ASSAM,Brahamputra,7.45,157.5,2.75,7.35,0.7,BRAHMPUTRA,2016-06-30
2016,1031,BRAHAMPUTRA AT PANDU,ASSAM,Brahamputra,7.6,109.0,1.75,7.0,0.8,BRAHAMPUTRA,2016-06-30
2016,2066,BRAHMAPUTRA AT DHUBRI,ASSAM,Brahamputra,7.4,122.0,2.0,5.65,0.25,BRAHMAPUTRA,2016-06-30
2016,1299,BRAHAMPUTRA AT JOGIJHOGA NEAR BRIDGE,ASSAM,Brahamputra,7.75,143.5,1.7,5.75,0.2,BRAHAMPUTRA,2016-06-30
2016,2069,"BRAHMPUTRA NEAR WATER INTAKE POINT AT KACHARIGHAT, PANBAZAR, GUWAHATI",ASSAM,Brahamputra,7.75,118.5,1.4,7.199999999999999,0.35,BRAHMPUTRA,2016-06-30
2016,2064,"BRAHMAPUTRA RIVER AT CHANDRAPUR, GUWAHATI",ASSAM,Brahamputra,7.3,79.0,2.7,6.95,1.05,RIVER,2016-06-30
2016,2067,"BRAHMPUTRA RIVER AT SUALKUCHI, DIST. KAMRUP",ASSAM,Brahamputra,7.800000000000001,152.0,2.55,6.5,0.35,RIVER,2016-06-30
2016,2068,"KATHAKAL, U/S AT MATIJURI, DIST. HAILAKANDI",ASSAM,Brahamputra,7.550000000000001,98.0,1.75,5.65,1.4000000000000001,Brahamputra,2016-06-30
2016,1259,DHANSIRI AT GOLAGHAT,ASSAM,Dhansiri,7.6,122.5,1.75,6.85,1.5,DHANSIRI,2016-06-30
2016,1796,"DHANSIRI, FULL NAGARJAN",NAGALAND,Dhansiri,7.7,353.25,4.5,3.75,0.6,Dhansiri,2016-06-30
2016,1797,"DHANSIR,BRIDGE NEAR PURANA BAZAAR",NAGALAND,Dhansiri,7.4,167.6,5.5,3.7,0.75,BRIDGE,2016-06-30
2016,1798,NEAR CHECK GATE (DIMAPUR KHUTKHUTI ROAD),NAGALAND,Dhansiri,7.35,131.5,4.85,4.15,0.65,Dhansiri,2016-06-30
2016,1799,"DHANSIR, TOWN BOUNDARY BRIDGE (DIPHU ROAD)",NAGALAND,Dhansiri,7.1,141.15,4.5,3.5999999999999996,0.8,Dhansiri,2016-06-30
2016,1800,"DHANSIR, NUTON BASTI",NAGALAND,Dhansiri,7.1,266.95,26.5,2.35,6.0,Dhansiri,2016-06-30
2016,1928,"DHANSIRI AT NAGALAND-ASSAM BORDER, DIMAPUR",NAGALAND,Dhansiri,7.55,260.5,13.5,2.75,1.05,DHANSIRI,2016-06-30
2016,1929,"CHATHE AT MEDZIPHEMA, DIMAPUR",NAGALAND,Dhansiri,8.2,,4.5,3.9499999999999997,10.5,CHATHE,2016-06-30
2016,1930,DZU D/S KOHIMA TOWN,NAGALAND,Dhansiri,8.35,408.0,4.5,4.15,26.5,DZU,2016-06-30
2016,2240,BARAK D/S OF SILCHAR,ASSAM,Dhansiri,7.3,105.5,2.6500000000000004,5.7,0.65,BARAK,2016-06-30
2016,2238,BEKI AT NH-37 CROSSING AT BARPETA ROAD,ASSAM,Dhansiri,7.800000000000001,193.0,2.2,5.5,0.65,BEKI,2016-06-30
2016,1528,BHARALU AT GUWAHATI,ASSAM,Dhansiri,7.25,516.0,30.1,0.15,4.8500000000000005,BHARALU,2016-06-30
2016,1527,BHOGDOI AT JORHAT,ASSAM,Dhansiri,7.35,96.5,2.75,5.35,0.6000000000000001,BHOGDOI,2016-06-30
2016,2233,"BOGINADI NEAR BRIDGE NH-52, LAKHIMPUR",ASSAM,Dhansiri,7.6,77.5,1.65,7.699999999999999,0.15000000000000002,BOGINADI,2016-06-30
2016,1423,BORAK AT PANCHAGRAM,ASSAM,Dhansiri,7.4,84.0,2.1,5.7,1.3,BORAK,2016-06-30
2016,1422,BURHIDIHING AT MARGHERITA,ASSAM,Dhansiri,7.35,135.5,2.3,6.85,0.6000000000000001,BURHIDIHING,2016-06-30
2016,2230,BURHIDIHING AT DULIAJAN (INTAKE POINT OF OIL INDIA LTD.),ASSAM,Dhansiri,7.449999999999999,121.0,1.6,6.45,0.45,BURHIDIHING,2016-06-30
2016,2062,BURIDIHING D/S NEAR DULIAJAN TINSUKIA,ASSAM,Dhansiri,7.6,121.0,2.1999999999999997,7.6499999999999995,0.35,BURIDIHING,2016-06-30
2016,1529,DEEPAR BEEL,ASSAM,Dhansiri,7.5,207.5,5.9,7.6499999999999995,0.95,Dhansiri,2016-06-30
2016,1530,"DIGBOI AT LAKHIPATHE, RESERVE FOREST, DIGBOI",ASSAM,Dhansiri,8.2,439.0,7.6,5.3,4.05,DIGBOI,2016-06-30
2016,2231,DIKHOW AT DIKHOW BRIDGE SIVASAGAR,ASSAM,Dhansiri,7.199999999999999,137.5,1.8,6.4,0.39999999999999997,DIKHOW,2016-06-30
2016,1298,DISANG AT GUNDAMGHAT,ASSAM,Dhansiri,7.050000000000001,135.0,2.4,5.75,2.25,DISANG,2016-06-30
2016,2058,"DISANG AT DILLIGHAT, DIBRUGARH DIST",ASSAM,Dhansiri,7.550000000000001,113.5,1.7999999999999998,5.7,0.39999999999999997,DISANG,2016-06-30
2016,2063,"JAI BHARALI NEAR BISWANATH CHARALI, SONITPUR",ASSAM,Dhansiri,7.6,58.0,1.25,7.65,0.6000000000000001,BHARALI,2016-06-30
2016,1258,JHANJI AT N.H. CROSSING JORHAT,ASSAM,Dhansiri,7.25,80.0,2.45,6.15,1.1,JHANJI,2016-06-30
2016,2237,"KALONG AT U/S OF ANANDARAM DEKIAL PHUKAN BRIDGE, NAGAON",ASSAM,Dhansiri,7.050000000000001,113.0,2.25,5.15,2.3499999999999996,KALONG,2016-06-30
2016,2236,"KAPILI AT DHARMTUL BRIDGE, NH-31, NAGAON",ASSAM,Dhansiri,7.1,75.0,2.05,6.65,0.6000000000000001,KAPILI,2016-06-30
2016,2523,"KAROLA, D/S OF JALPAIGURI, NEAR MIN BHAWAN",WEST BENGAL,Dhansiri,7.25,95.55,2.15,6.25,0.25,Dhansiri,2016-06-30
2016,2061,KHARSANG B/C WITH BURIDIHING NEAR KHARSANG (ASSAM-ARUNANCHAL BORDER),ASSAM,Dhansiri,7.45,106.0,4.1,6.7,2.0,BURIDIHING,2016-06-30
2016,2232,"KOHORA AT N.H. CROSSING, KOHORA",ASSAM,Dhansiri,7.25,49.0,2.6500000000000004,6.5,1.1,KOHORA,2016-06-30
2016,2059,KOLONG AT MARIGAON,ASSAM,Dhansiri,7.5,76.0,2.4499999999999997,6.15,1.6500000000000001,KOLONG,2016-06-30
2016,2229,"KUNDLI AT KUNDLI/ SAPAKHOWA, SADIA",ASSAM,Dhansiri,7.75,173.5,1.6,7.3,0.45,KUNDLI,2016-06-30
2016,2242,KUSHIARA AT KARIMGANJ,ASSAM,Dhansiri,7.25,95.5,1.75,5.75,1.7,KUSHIARA,2016-06-30
2016,3417,"MANU AT MANUGHAT, CONFL POINT OF CHAWMANU CHARRA & MANU RIVER, DHALAI",TRIPURA,Dhansiri,6.55,104.25,1.7,5.7,0.35,MANU,2016-06-30
2016,3418,MANU D/SAT KAILASHAHAR,TRIPURA,Dhansiri,7.699999999999999,109.25,2.7,6.25,0.4,Dhansiri,2016-06-30
2016,3419,MANU AT KUMARGHAT,TRIPURA,Dhansiri,7.4,111.25,2.75,7.7,0.5,MANU,2016-06-30
2016,2060,"MANAS AT NH-31 CROSSING, BARPETA, DISTRICT",ASSAM,Dhansiri,8.0,220.5,1.55,5.85,0.6000000000000001,MANAS,2016-06-30
2016,1531,MORA BHARALI AT TEZPUR,ASSAM,Dhansiri,7.35,269.0,2.7,7.75,0.7,BHARALI,2016-06-30
2016,2065,"PAGLDIA NEAR NALBARI TOWN, DIST. NALBARI",ASSAM,Dhansiri,8.15,183.5,4.449999999999999,6.85,0.7000000000000001,PAGLDIA,2016-06-30
2016,2235,"PANCHNAI AT NH-52 CROSSING, ORANG",ASSAM,Dhansiri,7.65,74.0,2.25,7.6,0.55,PANCHNAI,2016-06-30
2016,2234,RANGA NADI D/S OF HYDEL PROJECT,ASSAM,Dhansiri,7.65,95.5,1.4,7.5,0.45,NADI,2016-06-30
2016,2239,SANKOSH DHUBRI,ASSAM,Dhansiri,7.300000000000001,79.0,2.05,5.15,0.6000000000000001,Dhansiri,2016-06-30
2016,2241,SONAI RIVER AT SONAI,ASSAM,Dhansiri,7.35,84.0,2.5,5.8,0.5,RIVER,2016-06-30
2016,1261,"SUBANSIRI AT GEREKAMUKH, B/C WITH BRAHMAPUTRA",ASSAM,Dhansiri,7.65,85.0,1.1,8.5,1.05,SUBANSIRI,2016-06-30
2016,1947,TEESTA AT SILIGURI,WEST BENGAL,Dhansiri,7.4,86.0,2.1,7.1499999999999995,0.2,TEESTA,2016-06-30
2016,1232,MAHI (D/S) CONF WITH R. CHAP (UNDER SAGWARA-SARHI RD. BDG.),RAJASTHAN,Tributary Streams - Mahi,,109.5,350.4,5.449999999999999,1.1500000000000001,Mahi,2016-06-30
2016,1863,MAHI AT UMETA BRIDGE,GUJARAT,Tributary Streams - Mahi,,139.25,215.3,7.15,2.4,MAHI,2016-06-30
2016,1864,MAHI AT MUJPUR,GUJARAT,Tributary Streams - Mahi,,157.75,284.45,7.5,2.5,MAHI,2016-06-30
2016,1229,MAHI NEAR RAJASTHAN BORDER AT KADANA DAM,GUJARAT,Tributary Streams - Mahi,,153.25,204.55,7.6,3.3,MAHI,2016-06-30
2016,1230,MAHI AFTER CONF. WITH ANAS AT PARDI (BANASWADA),GUJARAT,Tributary Streams - Mahi,,144.75,218.1,7.25,3.5,ANAS,2016-06-30
2016,1231,MAHI AT VIRPUR,GUJARAT,Tributary Streams - Mahi,,149.75,211.05,5.95,1.3,MAHI,2016-06-30
2016,1233,MAHI AT BADNAWAR,MADHYA PRADESH,Tributary Streams - Mahi,,18.15,246.55,7.35,1.0499999999999998,MAHI,2016-06-30
2016,3206,MAHI AT SHERKHI BRIDGE,GUJARAT,Tributary Streams - Mahi,,145.25,1306.5,7.5,3.0,MAHI,2016-06-30
2016,3318,"MAHI AT RANISINGH VILLAGE, RATLAM, UJJAIN",MADHYA PRADESH,Tributary Streams - Mahi,,194.35,266.75,8.15,1.75,MAHI,2016-06-30
2016,2102,"SHIVNA AT RAMGHAT, MANDSAUR",MADHYA PRADESH,Tributary Streams - Mahi,,206.85,395.7,7.3,1.95,SHIVNA,2016-06-30
2016,2103,"JAMMER AT DHOLOWAD, RATLAM MADHYA PRADESH",nan,Tributary Streams - Mahi,,141.8,255.8,7.449999999999999,1.65,JAMMER,2016-06-30
2016,2104,MALEI AT JAORA,MADHYA PRADESH,Tributary Streams - Mahi,,294.25,660.6,6.8,2.2,MALEI,2016-06-30
2016,2105,CHILLAR AT SHAJAPUR,MADHYA PRADESH,Tributary Streams - Mahi,,149.4,306.4,6.1,1.5,CHILLAR,2016-06-30
2016,1228,"ANAS AT DAHOD,(KUSHALGARH),DIST. PANCHMAHAL",GUJARAT,Tributary Streams - Mahi,,150.0,303.6,6.35,2.15,ANAS,2016-06-30
2016,1227,PANAM AT LUNAWADA,GUJARAT,Tributary Streams - Mahi,,148.75,213.55,7.3,1.15,PANAM,2016-06-30
2016,3204,VISHWAMITRI DOWNSTREAM AT KHALIPUR VILLAG,GUJARAT,Tributary Streams - Mahi,,267.05,721.55,1.5,10.05,DOWNSTREAM,2016-06-30
2016,3205,"VISHWAMITRI, UPSTREAM AT ASOD BRIDGE AT NH-8 NEAR GLDEN CHOKDI, ASOD VEMALI ROAD",GUJARAT,Tributary Streams - Mahi,,121.15,278.0,7.05,3.0,UPSTREAM,2016-06-30
2016,1221,SABARMATI AT KHEROJ BRIDGE,GUJARAT,Tributary Streams - Sabarmati,7.95,615.0,,5.9,2.05,SABARMATI,2016-06-30
2016,1223,SABARMATI A/C WITH MESHWA AT VAUTHA NEAR DHOKLA,GUJARAT,Tributary Streams - Sabarmati,7.9,1583.0,,4.15,26.0,MESHWA,2016-06-30
2016,1407,"SABARMATI AT GANDHI NAGAR CHILODA BRIDGE,LEKAWADA",GUJARAT,Tributary Streams - Sabarmati,8.2,265.5,,6.6,3.5,SABARMATI,2016-06-30
2016,1408,"SABARMATI AT VILL. MIROLI TALUKA DASCROI,AHMEDABAD",GUJARAT,Tributary Streams - Sabarmati,8.100000000000001,2074.0,,7.1,34.05,SABARMATI,2016-06-30
2016,1409,SABARMATI AT RAILWAY BRIDGE AHMEDABAD,GUJARAT,Tributary Streams - Sabarmati,8.2,448.5,,5.3,14.05,SABARMATI,2016-06-30
2016,1482,"SABARMATI AT MAHUDI JAIN TEMPLE, 150 KM. FORM ORIGIN",GUJARAT,Tributary Streams - Sabarmati,8.1,352.5,,6.4,1.5,SABARMATI,2016-06-30
2016,1866,SABARMATI AT HANSAOL BRIDGE,GUJARAT,Tributary Streams - Sabarmati,7.800000000000001,319.0,,5.949999999999999,1.3,SABARMATI,2016-06-30
2016,1437,KHARI AT LALI VILLAGE NEAR AHMEDABAD,GUJARAT,Tributary Streams - Sabarmati,7.800000000000001,3022.5,,,117.55,KHARI,2016-06-30
2016,1224,MESHWA NEAR RAJASTHAN BORDER AT SAMLAJI,GUJARAT,Tributary Streams - Sabarmati,8.0,375.0,,6.6,0.8,MESHWA,2016-06-30
2016,1222,SHEDHI AT KHEDA,GUJARAT,Tributary Streams - Sabarmati,7.699999999999999,1873.5,,5.1,4.5,SHEDHI,2016-06-30
2016,1242,NARMADA NEAR SOURCE AT AMARKANTAK,MADHYA PRADESH,Tributary Streams - Narmada,7.550000000000001,198.1,1.25,8.1,0.3,NARMADA,2016-06-30
2016,3321,"NARMADA AT AMARKANTAKE FROM ORIGIN POINT, REWA",MADHYA PRADESH,Tributary Streams - Narmada,7.65,351.7,1.35,8.55,0.5,NARMADA,2016-06-30
2016,2118,NARMADA AT D/S OF KAPILDHARA,MADHYA PRADESH,Tributary Streams - Narmada,7.65,300.0,1.35,7.75,0.65,NARMADA,2016-06-30
2016,1241,NARMADA AT MANDLA NEAR ROAD BDG,MADHYA PRADESH,Tributary Streams - Narmada,7.85,434.5,1.45,7.6,0.95,NARMADA,2016-06-30
2016,3322,"NARMADA AT MANDLA, NEAR SHAMSHANGHAT, JABALPUR",MADHYA PRADESH,Tributary Streams - Narmada,7.800000000000001,433.0,1.5,7.6,0.85,NARMADA,2016-06-30
2016,2099,"NARMADA LALPUR, JABALPUR",MADHYA PRADESH,Tributary Streams - Narmada,7.7,448.0,1.4,7.6,0.7,Narmada,2016-06-30
2016,3323,"NARMADA AT LALPUR, NEAR WATER SUPPLY INTAKE POINT, JABALPUR",MADHYA PRADESH,Tributary Streams - Narmada,7.75,473.0,1.75,7.550000000000001,1.1,NARMADA,2016-06-30
2016,3324,"NARMADA AT PANCHWATIGHAT, BEFORE MIXING WITH BAWANGANGA JABALPUR",MADHYA PRADESH,Tributary Streams - Narmada,7.95,443.5,1.45,7.4,1.0,NARMADA,2016-06-30
2016,3325,"NARMADA AT SARSWATIGHAT, AFTER MIXING WITH BAWANGANGA JABALPUR",MADHYA PRADESH,Tributary Streams - Narmada,7.75,460.5,1.6500000000000001,7.35,1.65,NARMADA,2016-06-30
2016,1240,NARMADA AT NARSINGHPUR,MADHYA PRADESH,Tributary Streams - Narmada,7.800000000000001,425.0,1.5,7.65,0.75,NARMADA,2016-06-30
2016,1234,NARMADA AT HOSHANGABAD U S,MADHYA PRADESH,Tributary Streams - Narmada,8.25,273.5,1.35,7.75,0.25,NARMADA,2016-06-30
2016,2123,NARMADA AT KORIGHAT HOSHANGABAD,MADHYA PRADESH,Tributary Streams - Narmada,8.2,244.0,1.4500000000000002,7.85,0.45,NARMADA,2016-06-30
2016,1235,NARMADA AT HOSHANGABAD D S,MADHYA PRADESH,Tributary Streams - Narmada,10.05,261.5,4.55,4.75,0.35,NARMADA,2016-06-30
2016,2106,RIVER NARMADA AT NEMAWAR,MADHYA PRADESH,Tributary Streams - Narmada,7.75,381.5,1.8,7.199999999999999,1.35,NARMADA,2016-06-30
2016,2113,"RIVER NARMADA NEAR PUNASA DAM, PUNASA",MADHYA PRADESH,Tributary Streams - Narmada,8.0,298.5,1.0,7.4,0.75,NARMADA,2016-06-30
2016,1430,NARMADA AT D S OF OMKARESHWAR,MADHYA PRADESH,Tributary Streams - Narmada,7.9,313.5,1.4,7.35,2.75,NARMADA,2016-06-30
2016,2112,"RIVER NARMADA NEAR MORTAKKA BRIDGE, BADWAH",MADHYA PRADESH,Tributary Streams - Narmada,8.0,285.0,1.35,7.5,1.45,NARMADA,2016-06-30
2016,1431,NARMADA AT MAHESHWAR,MADHYA PRADESH,Tributary Streams - Narmada,8.2,317.0,1.15,7.75,1.25,NARMADA,2016-06-30
2016,1239,NARMADA AT BADWANI,MADHYA PRADESH,Tributary Streams - Narmada,8.05,292.0,1.3,7.5,1.7,NARMADA,2016-06-30
2016,1245,NARMADA AT CHANDOD,GUJARAT,Tributary Streams - Narmada,7.8,278.0,1.25,7.15,0.25,NARMADA,2016-06-30
2016,1244,NARMADA AT PANETHA,GUJARAT,Tributary Streams - Narmada,7.7,490.0,0.65,7.6,0.27,NARMADA,2016-06-30
2016,1981,"NARMADA AT ZANOR (NTPC), BHARUCH",GUJARAT,Tributary Streams - Narmada,7.9,491.5,0.8,7.2,0.35,NARMADA,2016-06-30
2016,1243,"NARMADA AT BHARUCH,ZADESHVAR",GUJARAT,Tributary Streams - Narmada,7.95,2305.5,1.1,7.0,0.25,NARMADA,2016-06-30
2016,3305,"BANJAR AT MALANJKHAND NEAR W/S INTAKE POINT, JABALPUR",MADHYA PRADESH,Tributary Streams - Narmada,7.800000000000001,433.0,1.7000000000000002,7.6,0.75,BANJAR,2016-06-30
2016,1236,"CHOTA TAWA B/C, WITH NARMADA",MADHYA PRADESH,Tributary Streams - Narmada,8.2,366.0,1.05,7.4,1.0,Narmada,2016-06-30
2016,2100,"GOUR RIVER BHOGA DOOR, JABALPUR",MADHYA PRADESH,Tributary Streams - Narmada,7.75,533.5,1.6,7.449999999999999,1.1,Narmada,2016-06-30
2016,2101,KATNI NEAR NAGAR NIGAM,MADHYA PRADESH,Tributary Streams - Narmada,7.7,533.0,2.05,7.1,1.0,KATNI,2016-06-30
2016,2114,RIVER KUNDA AT KHARGONE,MADHYA PRADESH,Tributary Streams - Narmada,7.800000000000001,505.0,2.75,6.300000000000001,2.1,KUNDA,2016-06-30
2016,1250,TAPI AT HATHNUR,MADHYA PRADESH,Tributary Streams - Tapi,8.25,636.0,2.05,6.9,2.8000000000000003,TAPI,2016-06-30
2016,1313,TAPI AT AJNAND VILLAGE,MAHARASHTRA,Tributary Streams - Tapi,7.699999999999999,754.0,5.0,6.300000000000001,0.75,TAPI,2016-06-30
2016,1251,TAPI AT BHUSAWAL US,MAHARASHTRA,Tributary Streams - Tapi,7.55,752.0,5.0,6.300000000000001,0.85,TAPI,2016-06-30
2016,1314,TAPI AT UPHAD VILLAGE,MAHARASHTRA,Tributary Streams - Tapi,7.699999999999999,612.0,4.0,6.45,0.25,TAPI,2016-06-30
2016,1247,TAPI AT MANDAVI,GUJARAT,Tributary Streams - Tapi,8.1,337.5,1.05,5.6000000000000005,0.05,TAPI,2016-06-30
2016,1248,TAPI U/S SURAT KATHORE,GUJARAT,Tributary Streams - Tapi,7.75,473.0,1.15,6.5,0.1,TAPI,2016-06-30
2016,1982,"TAPI AT RANDER BRIDGE, SURAT",GUJARAT,Tributary Streams - Tapi,7.9,477.5,1.25,6.199999999999999,0.2,TAPI,2016-06-30
2016,1983,TAPI NEAR BARDOLI (KAPP BRIDGE) BARDOLI,GUJARAT,Tributary Streams - Tapi,8.0,297.5,0.85,6.8,0.05,TAPI,2016-06-30
2016,2071,"TAPI AT ONGC BRIDGE AT SURAT, DIST. SURAT",GUJARAT,Tributary Streams - Tapi,7.5,20703.0,4.8,3.45,0.45,TAPI,2016-06-30
2016,1252,GIRNA AT JALGAON,MAHARASHTRA,Tributary Streams - Tapi,7.6,415.0,6.3,5.550000000000001,0.0,GIRNA,2016-06-30
2016,1253,GIRNA AT MALEGAON (MANMAD),MAHARASHTRA,Tributary Streams - Tapi,7.55,385.5,4.5,5.6,0.0,GIRNA,2016-06-30
2016,1907,RANGAVALI D/S OF NAVAPUR,MAHARASHTRA,Tributary Streams - Tapi,7.550000000000001,459.5,3.8,6.9,0.0,RANGAVALI,2016-06-30
2016,2070,"KIM AT SAHOL BRIDGE, OLPAD HANSOT ROAD, DIST",GUJARAT,Tributary Streams - Tapi,7.8,4451.0,1.85,6.0,0.5,KIM,2016-06-30
2016,2115,TAPTI AT NEPA NAGAR 100 METRE D/S AFTER MIXING PANDHAR NALLA,MADHYA PRADESH,Tributary Streams - Tapi,8.2,477.0,1.5,7.0,2.0,TAPTI,2016-06-30
2016,2127,"DENWA NEAR SARNI, ROAD BRIDGE",MADHYA PRADESH,Tributary Streams - Tapi,8.25,399.0,1.75,7.15,0.55,DENWA,2016-06-30
2016,2155,"PURNA A/C OF MORNA, NANDURA VILLAGE",MAHARASHTRA,Tributary Streams - Tapi,7.95,930.5,7.25,6.45,4.35,Tapi,2016-06-30
2016,2652,"AMRAVATI D/S OF DONDAICHA, DHULE",MAHARASHTRA,Tributary Streams - Tapi,7.4,560.0,4.0,7.0,0.0,AMRAVATI,2016-06-30
2016,2658,"BORI D/S OF AMALNER, JALGAON",MAHARASHTRA,Tributary Streams - Tapi,7.35,505.5,5.8999999999999995,4.9,0.0,BORI,2016-06-30
2016,2659,"BURAI B/C TO TAPI MUKUDAS, DHULE",MAHARASHTRA,Tributary Streams - Tapi,7.4,552.0,3.0,7.1,0.0,Tapi,2016-06-30
2016,2666,"GOMAI D/S OF SHAHADA, DHULE",MAHARASHTRA,Tributary Streams - Tapi,7.2,514.0,4.0,6.8,0.0,GOMAI,2016-06-30
2016,2667,"HIWARA D/S OF PACHORA, JALGAON",MAHARASHTRA,Tributary Streams - Tapi,7.55,410.0,5.8,5.3,0.0,HIWARA,2016-06-30
2016,2674,"MOR NEAR PADALSHE, JALGAON",MAHARASHTRA,Tributary Streams - Tapi,7.6,420.0,6.1,6.0,0.0,MOR,2016-06-30
2016,2675,"MORNA D/S RAILWAY BRIDGE, AKOLA",MAHARASHTRA,Tributary Streams - Tapi,7.9,1605.0,10.7,4.9,5.55,MORNA,2016-06-30
2016,2684,"PANZARA NEAR PANZARAKAN SSK LTD, PANZARA, DHULE",MAHARASHTRA,Tributary Streams - Tapi,7.4,483.5,4.5,6.1,0.05,PANZARA,2016-06-30
2016,2695,"PEDHI NEAR ROAD BRIDGE AT DADHI-PEDHI VILLAGE, BHATKULI, AMRAVATI",MAHARASHTRA,Tributary Streams - Tapi,8.05,942.5,9.25,4.8,5.5,PEDHI,2016-06-30
2016,2710,"TITUR D/S OF CHALISGAON, JALGAON",MAHARASHTRA,Tributary Streams - Tapi,7.699999999999999,482.5,4.8,6.050000000000001,0.0,TITUR,2016-06-30
2016,2718,WAGHUR B/C SAKEGAON WITH TAPI JALGAON,MAHARASHTRA,Tributary Streams - Tapi,7.3,410.0,5.2,5.95,0.0,Tapi,2016-06-30
2016,3203,"AMRAVATI AT VILLAGE DADHAL , TA ANKLESHWAR, BHARUC",GUJARAT,Tributary Streams - Tapi,7.85,704.5,3.45,6.45,0.35,AMRAVATI,2016-06-30
2016,1851,MAHANADI AT SIHAWA,CHHATTISGARH,Mahanadi,,127.85,,6.5,2.4000000000000004,MAHANADI,2016-06-30
2016,1264,MAHANADI U/S RUDRI DHAMTORI RESERVOIR,CHHATTISGARH,Mahanadi,,146.95,,7.300000000000001,2.25,MAHANADI,2016-06-30
2016,1099,MAHANADI U/S OF RAJIM,CHHATTISGARH,Mahanadi,,137.8,,6.9,2.3,MAHANADI,2016-06-30
2016,1852,"MAHANADI AT ARRANG, RAIPUR",CHHATTISGARH,Mahanadi,,164.95,,7.45,2.3499999999999996,MAHANADI,2016-06-30
2016,1100,MAHANADI AT KHARAD,CHHATTISGARH,Mahanadi,,102.25,,6.7,1.2000000000000002,MAHANADI,2016-06-30
2016,1282,MAHANADI AT SHEORINARAYAN VILLAGE,CHHATTISGARH,Mahanadi,,113.5,,6.5,,MAHANADI,2016-06-30
2016,1467,MAHANADI A/C WITH MAND,CHHATTISGARH,Mahanadi,,107.0,,6.8,1.2999999999999998,Mahanadi,2016-06-30
2016,1101,MAHANADI AT INTERSTATE BOUNDRY,CHHATTISGARH,Mahanadi,,93.75,,7.1,1.45,MAHANADI,2016-06-30
2016,3165,"HASDEO 100 METER D/S A/C OF DENGUR NALLAH NERA C.S.E.B. EAST GUEST HOUSE, KORBA",CHHATTISGARH,Mahanadi,,,,5.199999999999999,4.7,METER,2016-06-30
2016,3168,HASDEO D/S NEAR URGA VILLAGE KORBA,CHHATTISGARH,Mahanadi,,,,4.7,5.5,HASDEO,2016-06-30
2016,1281,MAHANADI AT HIRAKUD RESERVOIR,ODISHA,Mahanadi,,87.65,,6.65,0.9,MAHANADI,2016-06-30
2016,1270,MAHANADI U/S SAMBALPUR,ODISHA,Mahanadi,,83.65,,7.45,1.1,MAHANADI,2016-06-30
2016,1271,MAHANADI D/S SAMBALPUR,ODISHA,Mahanadi,,92.2,,6.55,2.6,MAHANADI,2016-06-30
2016,2405,SAMBHALPUR FDS AT HUMA,ODISHA,Mahanadi,,86.2,,8.0,1.0,FDS,2016-06-30
2016,1272,MAHANADI D/S (A/C WITH R. ONG SONEPUR U/S),ODISHA,Mahanadi,,92.25,,7.85,0.8,MAHANADI,2016-06-30
2016,1274,MAHANADI A/C WITH R.TEL (SONEPUR D/S),ODISHA,Mahanadi,,90.7,,8.25,1.35,SONEPUR,2016-06-30
2016,1275,MAHANADI AT TIKARPADA,ODISHA,Mahanadi,,94.7,,8.15,1.0,MAHANADI,2016-06-30
2016,1276,MAHANADI AT NARSINGHPUR,ODISHA,Mahanadi,,69.7,,7.6499999999999995,0.8999999999999999,MAHANADI,2016-06-30
2016,1277,MAHANADI U/S CUTTACK,ODISHA,Mahanadi,,82.75,,7.699999999999999,1.2,MAHANADI,2016-06-30
2016,1278,MAHANADI D/S CUTTACK,ODISHA,Mahanadi,,74.25,,7.45,1.95,MAHANADI,2016-06-30
2016,2406,"MAHANADI, MUNDALI(WATER INTAKE POINT OF BHUBANESWAR CITY",ODISHA,Mahanadi,,72.2,,7.5,1.0,Mahanadi,2016-06-30
2016,2404,"MAHANADI, POWER CHANNEL D/S NEAR BURLA",ODISHA,Mahanadi,,82.15,,6.300000000000001,1.15,CHANNEL,2016-06-30
2016,2407,"MAHANADI, PARADEEP U/S (BEFORE INDUSTRIAL ACTIVITY AT PARADEEP)",ODISHA,Mahanadi,,77.15,,7.05,1.15,PARADEEP,2016-06-30
2016,1639,MAHANADI D/S PARADEEP,ODISHA,Mahanadi,,97.6,,6.35,1.4500000000000002,MAHANADI,2016-06-30
2016,1640,BIRUPA AT CHOUDWAR,ODISHA,Mahanadi,8.3,92.2,127.75,,0.9500000000000001,BIRUPA,2016-06-30
2016,2411,"MAHANADI, BHUBANESWAR FD/S ( 2 KM A/C OF GANGUA NALLAH WITH DAYA)",ODISHA,Mahanadi,7.15,112.2,195.5,,3.1,Mahanadi,2016-06-30
2016,1105,HASDEO U/S KORBA,CHHATTISGARH,Mahanadi,7.15,,,,2.05,HASDEO,2016-06-30
2016,1106,HASDEO U/S OF CHAMPA,CHHATTISGARH,Mahanadi,7.85,70.75,144.6,,0.95,HASDEO,2016-06-30
2016,3169,"HASDEO, DRINKING WATER INTAKE WELL OF MUNICIPAL CO. KORBA (BEFORE TREATMENT) AT KOHADIA VILLAGE",CHHATTISGARH,Mahanadi,6.85,,,,2.05,Mahanadi,2016-06-30
2016,3170,"HASDEO, DRINKING WATER INTAKE WELL OF MUNICIPAL CO. KORBA (AFTER TREATMENT) AT KOHADIA VILLAGE",CHHATTISGARH,Mahanadi,7.0,,,,0.5,Mahanadi,2016-06-30
2016,1267,IB AT SUNDARGARH,ODISHA,Mahanadi,8.4,45.15,85.65,,1.0,Mahanadi,2016-06-30
2016,1268,IB AT JHARSUGUDA (INTAKE),ODISHA,Mahanadi,8.4,53.7,90.65,,0.85,Mahanadi,2016-06-30
2016,1269,IB D/SBRAJRAJNAGAR (INTAKE),ODISHA,Mahanadi,8.25,55.7,90.85,,0.9500000000000001,Mahanadi,2016-06-30
2016,1300,IB U/S RAJ NAGAR,ODISHA,Mahanadi,8.45,54.15,94.05,,0.9,Mahanadi,2016-06-30
2016,2403,BHEDEN B/C WITH IB,ODISHA,Mahanadi,8.25,67.7,169.05,,0.9500000000000001,Mahanadi,2016-06-30
2016,1301,KATHAJODI D/S CUTTACK,ODISHA,Mahanadi,7.800000000000001,85.2,181.35,,3.0,KATHAJODI,2016-06-30
2016,1265,KHAROON U/S RAIPUR,CHHATTISGARH,Mahanadi,7.55,124.9,279.0,,1.5,KHAROON,2016-06-30
2016,1846,KHAROON RIVER A/C KHAPRI DRAIN,CHHATTISGARH,Mahanadi,7.55,,,,1.15,Mahanadi,2016-06-30
2016,1847,"KHAROON B/C KHAPRI DRAIN, DURG, RAIPUR ROAD BRIDGE",CHHATTISGARH,Mahanadi,7.5,,,,3.65,Mahanadi,2016-06-30
2016,1853,"KHAROON BUNDRI, RAIPUR",CHHATTISGARH,Mahanadi,7.300000000000001,146.9,309.15,,1.85,Mahanadi,2016-06-30
2016,1279,KUAKHAI U/S BHUBANESWAR,ODISHA,Mahanadi,7.7,80.2,125.85,,1.0,KUAKHAI,2016-06-30
2016,1280,KUAKHAI D/S BHUBANESWAR,ODISHA,Mahanadi,7.199999999999999,103.55,205.7,,4.15,KUAKHAI,2016-06-30
2016,2410,"KUAKHAI, FU/S BHUBANESWAR",ODISHA,Mahanadi,8.4,73.7,110.2,,0.8,Mahanadi,2016-06-30
2016,1848,ARPA D/S OF BILASPUR,CHHATTISGARH,Mahanadi,7.65,134.0,,,,ARPA,2016-06-30
2016,1849,KELO U/S OF RAIGARH,CHHATTISGARH,Mahanadi,7.25,97.25,106.75,,1.9,KELO,2016-06-30
2016,1850,KELO D/S OF RAIGARH,CHHATTISGARH,Mahanadi,7.3,98.85,111.05,,2.3,KELO,2016-06-30
2016,1107,SEONATH U/S RAJNANDGAON,CHHATTISGARH,Mahanadi,7.5,,,,1.15,SEONATH,2016-06-30
2016,1266,SEONATH AT SHIMGA A/C. WITH R. KHAROON,CHHATTISGARH,Mahanadi,7.65,150.9,256.6,,2.0,SEONATH,2016-06-30
2016,1845,"SEONATH WATER SUPPLY WELL, DURG",CHHATTISGARH,Mahanadi,7.4,,,,1.15,Mahanadi,2016-06-30
2016,3166,"SHEONATH AT JHINGHRI VILLAGE, A/C OF SAMODA NALLA",CHHATTISGARH,Mahanadi,7.65,,,,4.4,SHEONATH,2016-06-30
2016,3167,"SHEONATH AT RAJNANDGAON, D/S AT MOHAD, RAJNANDGAON",CHHATTISGARH,Mahanadi,7.449999999999999,,,,1.25,SHEONATH,2016-06-30
2016,2409,"SERUA, FDS CUTTACK, SANKHATRASA",ODISHA,Mahanadi,7.95,80.2,198.2,,2.6999999999999997,Mahanadi,2016-06-30
2016,2408,TEL AT MANAMUNDA,ODISHA,Mahanadi,8.649999999999999,64.7,113.65,,1.2,TEL,2016-06-30
2016,1037,BRAHMANI U/S PANPOSH,ODISHA,Brahmani,8.05,,182.55,,,BRAHMANI,2016-06-30
2016,1038,BRAHMANI D/S PANPOSH,ODISHA,Brahmani,7.35,,257.0,,,BRAHMANI,2016-06-30
2016,1302,BRAHMANI D/S ROURKELA,ODISHA,Brahmani,7.5,,209.5,,,BRAHMANI,2016-06-30
2016,2414,"BRAHMANI, FDS ROURKELA AT BIRITOLA",ODISHA,Brahmani,8.399999999999999,,215.5,,,ROURKELA,2016-06-30
2016,1039,BRAHMANI AT BONAIGARH,ODISHA,Brahmani,8.5,,187.45,,,BRAHMANI,2016-06-30
2016,1040,BRAHMANI AT RENGALI,ODISHA,Brahmani,7.949999999999999,,128.65,,,BRAHMANI,2016-06-30
2016,1041,BRAHMANI AT SAMAL,ODISHA,Brahmani,8.45,,154.0,,,BRAHMANI,2016-06-30
2016,1303,BRAHMANI U/S TALCHER,ODISHA,Brahmani,8.4,,139.0,,,BRAHMANI,2016-06-30
2016,2415,"TALCHER FU/S (INTAKE WELL OF MCL, TALCHER)",ODISHA,Brahmani,8.649999999999999,,157.5,,,Brahmani,2016-06-30
2016,2416,BRAHMANI FD/S TALCHER,ODISHA,Brahmani,7.75,,195.5,,,Brahmani,2016-06-30
2016,1042,"BRAHMANI AT KAMALANGA, ORISSA",ODISHA,Brahmani,8.1,,245.5,,,BRAHMANI,2016-06-30
2016,2417,"DHENKANAL D/S, DHENKANAL TOWN",ODISHA,Brahmani,8.6,,213.0,,,DHENKANAL,2016-06-30
2016,1043,BRAHMANI AT BHUBAN,ODISHA,Brahmani,8.25,,189.0,,,BRAHMANI,2016-06-30
2016,2418,KABATABANDHA (BEFORE IMPACT OF INDUSTRIAL ACTIVITY IN KALINGANAGAR AREA),ODISHA,Brahmani,8.05,,1654.0,,,Brahmani,2016-06-30
2016,1044,BRAHMANIU/S DHARMASHALA,ODISHA,Brahmani,8.649999999999999,,183.65,,,Brahmani,2016-06-30
2016,1045,BRAHMANI AT PATTAMUNDAI,ODISHA,Brahmani,8.95,,205.5,,,BRAHMANI,2016-06-30
2016,1035,KARO U/S LOHOJIMI,JHARKHAND,Tributary Streams - D/S,7.300000000000001,,2.4,8.3,0.0,KARO,2016-06-30
2016,2419,KHANDITARA (D/S OF INDUSTRIAL ACTIVITIES AT KALINGA NAGAR),ODISHA,Tributary Streams - D/S,7.75,161.25,1.0,7.050000000000001,1.2,ACTIVITIES,2016-06-30
2016,2420,KHARSROTA AT AUL,ODISHA,Tributary Streams - D/S,7.7,235.0,0.8500000000000001,7.8,1.5499999999999998,KHARSROTA,2016-06-30
2016,1033,"KOEL AT BASIA,DAM U/S,JHARKHAND",JHARKHAND,Tributary Streams - D/S,7.15,,2.45,8.3,0.0,KOEL,2016-06-30
2016,1036,"KOEL AT MANOHARPUR AFTER MEETING KOINA RIVER D/S,J",JHARKHAND,Tributary Streams - D/S,7.65,323.0,0.5,7.6,1.8,KOEL,2016-06-30
2016,2376,NORTH KOEL U/S DALTANGANJ,JHARKHAND,Tributary Streams - D/S,7.4,,2.65,8.0,0.0,KOEL,2016-06-30
2016,2377,"NORTH KOEL D/S BCCL, REHLA",JHARKHAND,Tributary Streams - D/S,7.35,,2.75,7.85,0.0,KOEL,2016-06-30
2016,2413,KOEL U/S (A/C OF KARO),ODISHA,Tributary Streams - D/S,7.699999999999999,194.5,1.7,7.050000000000001,2.3499999999999996,KOEL,2016-06-30
2016,1034,SANKH AT BOLBA,JHARKHAND,Tributary Streams - D/S,7.35,,2.25,8.45,0.0,SANKH,2016-06-30
2016,1081,BAITARNI AT JODA,ODISHA,Tributary Streams - Baitarni,7.7,143.0,1.15,7.05,2.55,BAITARNI,2016-06-30
2016,1082,BAITARNI AT ANANDPUR,ODISHA,Tributary Streams - Baitarni,7.95,213.5,0.9,7.4,2.9,BAITARNI,2016-06-30
2016,1083,BAITARNI AT JAJPUR,ODISHA,Tributary Streams - Baitarni,7.8500000000000005,178.0,1.65,7.1000000000000005,1.0,BAITARNI,2016-06-30
2016,1084,"BAITARNI AT CHANDBALI,",ODISHA,Tributary Streams - Baitarni,7.75,19657.5,1.1,6.4,1.95,BAITARNI,2016-06-30
2016,1085,BAITARNI AT DHAMRA,ODISHA,Tributary Streams - Baitarni,7.6499999999999995,26304.0,1.75,5.75,1.7999999999999998,BAITARNI,2016-06-30
2016,2421,KUSEI BEFORE JOINING WITH BAITARANI RIVER AT ANANDPUR,ODISHA,Tributary Streams - Baitarni,8.1,243.5,0.85,7.8,0.8,RIVER,2016-06-30
2016,1641,SUBARNAREKHA AT RAJGHAT NEAR BIHAR BORDER,ODISHA,Subarnarekha&,8.3,65.75,181.8,,1.0,SUBARNAREKHA,2016-06-30
2016,2399,SUBARNAREKHA AT CHANDIL DAM,JHARKHAND,Subarnarekha&,8.0,88.85,116.1,,0.2,SUBARNAREKHA,2016-06-30
2016,2387,SUBAREKHA AT GHATISLA ROAD BRIDGE,JHARKHAND,Subarnarekha&,7.699999999999999,104.85,159.6,,0.65,SUBAREKHA,2016-06-30
2016,2385,SUBARNAREKHA AT NAMKUM ROAD BRIDGE,JHARKHAND,Subarnarekha&,6.65,,,,1.7,SUBARNAREKHA,2016-06-30
2016,2386,SUBARNAREKHA AT MURI ROAD BRIDGE,JHARKHAND,Subarnarekha&,7.8500000000000005,,,,1.4,SUBARNAREKHA,2016-06-30
2016,2395,SUBARNAREKHA AT HATIA DAM,JHARKHAND,Subarnarekha&,7.9,,,,1.5,SUBARNAREKHA,2016-06-30
2016,2397,SUBARNAREKHA AT GATALSUD DAM,JHARKHAND,Subarnarekha&,7.949999999999999,,,,1.45,SUBARNAREKHA,2016-06-30
2016,2396,JUMAR AT KANKE DAM,JHARKHAND,Subarnarekha&,6.85,,,,1.65,JUMAR,2016-06-30
2016,1312,"GODAVARI AT JAYAKWADI DAM, AURNAGABAD, MAHARASHTRA",MAHARASHTRA,Godavari,7.5,141.5,491.0,,3.0,GODAVARI,2016-06-30
2016,2177,GODAVARI RIVER NEAR SOMESHWAR TEMPLE,MAHARASHTRA,Godavari,7.1,123.1,495.0,,6.0,RIVER,2016-06-30
2016,2182,GODAVARI RIVER AT SAIKHEDA,MAHARASHTRA,Godavari,7.15,79.05,262.0,,2.8,RIVER,2016-06-30
2016,2179,"GODAVARI RIVER AT HANUMAN GHAT, NASHIK CITY",MAHARASHTRA,Godavari,7.35,135.05,355.5,,8.0,RIVER,2016-06-30
2016,2183,GODAVARI RIVER AT NANDUR- MADMESHWAR DAM.,MAHARASHTRA,Godavari,7.35,73.6,294.7,,2.5,RIVER,2016-06-30
2016,2181,"GODAVARI RIVER AT KAPILA- GODAVARI CONFLUENCE POINT, TAPOVAN",MAHARASHTRA,Godavari,7.05,129.6,376.0,,4.0,RIVER,2016-06-30
2016,2180,GODAVARI RIVER NEAR TAPOVAN.,MAHARASHTRA,Godavari,7.15,133.7,371.0,,3.5,RIVER,2016-06-30
2016,1096,"GODAVARI AT PANCHAVATI AT RAMKUND, MAHARASHTRA",MAHARASHTRA,Godavari,7.1,78.6,523.5,,5.0,GODAVARI,2016-06-30
2016,1211,"GODAVARI AT NASIK D/S, MAHARASHTRA",MAHARASHTRA,Godavari,7.2,143.0,404.3,,6.0,GODAVARI,2016-06-30
2016,1095,"GODAVARI AT U/S OF GANGAPUR DAM, NASIK, MAHARASHTRA",MAHARASHTRA,Godavari,7.1,77.45,421.5,,4.0,GODAVARI,2016-06-30
2016,2160,"GODAVARI RIVER AT U/S OF AURANGABAD RESERVOIR, KAIGAON TOKKA NEAR KAIGAON BRIDGE",MAHARASHTRA,Godavari,7.5,153.85,543.0,,2.55,AT,2016-06-30
2016,2158,GODAVARI RIVER AT U/S OF PAITHAN AT PAITHAN INTAKE PUMP HOUSE AT JAYAKWADI,MAHARASHTRA,Godavari,7.65,154.9,856.0,,2.5,AT,2016-06-30
2016,2159,GODAVARI RIVER AT D/S OF PAITHAN AT PATHEGAON BRIDGE,MAHARASHTRA,Godavari,7.550000000000001,151.5,1203.0,,3.0,AT,2016-06-30
2016,2161,"GODAVARI AT JALNA INTAKE WATER PUMP HOUSE, SHAHABAD",MAHARASHTRA,Godavari,7.35,74.7,599.5,,4.0,GODAVARI,2016-06-30
2016,1210,GODAVARI AT NANDED,MAHARASHTRA,Godavari,7.449999999999999,148.8,594.0,,3.5,GODAVARI,2016-06-30
2016,1209,GODAVARI AT RAHER,MAHARASHTRA,Godavari,7.55,145.25,598.0,,3.5,GODAVARI,2016-06-30
2016,2157,GODAVARI AT LATUR WATER INTAKE NEAR PUMP HOUSE AT DHAMEGAON,MAHARASHTRA,Godavari,7.85,158.65,224.5,,3.5,GODAVARI,2016-06-30
2016,2360,"GODAVARI AT BASARA, ADILABAD",TELANGANA,Godavari,7.699999999999999,174.25,301.5,,2.1,GODAVARI,2016-06-30
2016,2361,"GODAVARI AT MANCHERIAL, NEAR RLY BDG B/C OF RALLAVAGU",TELANGANA,Godavari,6.5,141.8,245.0,,2.5,GODAVARI,2016-06-30
2016,2362,"GODAVARI D/S RAMAGUNDAM, NEAR FCI INTAKE WELL, KARIMNAGAR",TELANGANA,Godavari,6.75,148.35,296.0,,3.5,GODAVARI,2016-06-30
2016,2366,"GODAVARI D/S KAMALPUR AT M/S RAYONS LTD. DISCHARGE POINT, WARANGAL",TELANGANA,Godavari,6.65,119.3,348.5,,1.5,GODAVARI,2016-06-30
2016,2363,"GODAVARI AT GODAVARIKHANI, NEAR BATHING GHAT, KARIMNAGAR",TELANGANA,Godavari,6.449999999999999,209.4,396.0,,3.0,GODAVARI,2016-06-30
2016,2364,"GODAVARI U/S RAMAGUNDAM, KARIMNAGAR",TELANGANA,Godavari,7.35,148.9,234.4,,3.0,GODAVARI,2016-06-30
2016,2356,"GODAVARI, D/S OF RAMANUGUNDAM",TELANGANA,Godavari,6.65,182.85,329.5,,10.7,Godavari,2016-06-30
2016,2365,"GODAVARI U/S KAMALPUR M/S AP RAYONS LTD. INTAKE WELL, WARANGAL",TELANGANA,Godavari,6.8,109.25,244.0,,2.0,GODAVARI,2016-06-30
2016,2367,"GODAVARI U/S AT BHADRACHALAM BATHING GHAT, KHAMMAM",TELANGANA,Godavari,6.9,112.75,211.0,,3.5,GODAVARI,2016-06-30
2016,2368,"GODAVARI D/S BHADRACHALAM BATHING GHAT, KHAMMAM",TELANGANA,Godavari,7.050000000000001,116.05,319.0,,4.0,GODAVARI,2016-06-30
2016,2369,"GODAVARI AT BURGAMPAHAD, KHAMMAM",TELANGANA,Godavari,7.1,142.55,413.5,,4.5,GODAVARI,2016-06-30
2016,3080,"KARAKAVAGU U/S OF AT PALONCHA, KHAMMAM",TELANGANA,Godavari,6.85,104.25,308.5,,1.5,KARAKAVAGU,2016-06-30
2016,3081,"KARAKAVAGU D/S OF AT PALONCHA, KHAMMAM",TELANGANA,Godavari,6.800000000000001,219.8,331.0,,9.0,KARAKAVAGU,2016-06-30
2016,1218,GODAVARI U/S RAJAHMUNDRY,ANDHRA PRADESH,Godavari,6.65,93.45,199.6,,1.8,GODAVARI,2016-06-30
2016,2371,GODAVARI D/S RAJAMUNDRY OF NALLA CHANNEL,ANDHRA PRADESH,Godavari,6.050000000000001,112.25,182.25,,1.8,GODAVARI,2016-06-30
2016,1219,GODAVARI D/S RAJAHMUNDRY,ANDHRA PRADESH,Godavari,6.45,112.3,151.6,,1.5499999999999998,GODAVARI,2016-06-30
2016,2370,GODAVARI U/S RAJAMUNDRY OF NALLA CHANNEL,ANDHRA PRADESH,Godavari,6.15,115.35,191.0,,2.1,GODAVARI,2016-06-30
2016,1854,"INDRAVATI A/C DANTEWADA NELSONNAR, DANTEWADA",CHHATTISGARH,Godavari,7.699999999999999,,,,,Godavari,2016-06-30
2016,1856,SHANKNI A/C DANKANI DANTEWADA,CHHATTISGARH,Godavari,7.7,,,,,Godavari,2016-06-30
2016,2373,"SABARI AT KUNAVARAM, KHAMMAM",TELANGANA,Godavari,7.1,,142.5,,,SABARI,2016-06-30
2016,2374,MANJEERA AT GOWDICHARLA B/C WITH NAKKAVAGU,TELANGANA,Godavari,8.0,,1172.5,,,MANJEERA,2016-06-30
2016,2375,MANJEERA AT GOWDICHARLA A/C WITH NAKKAVAGU,TELANGANA,Godavari,7.8500000000000005,,1575.5,,,MANJEERA,2016-06-30
2016,1781,"MANJEERA NEAR GANAPATHI SUGARS , DIST MEDAK",TELANGANA,Godavari,8.05,,545.0,,,MANJEERA,2016-06-30
2016,1157,MANJERA AT RAIPALLU,TELANGANA,Godavari,7.9,,319.5,,,MANJERA,2016-06-30
2016,2657,"BINDUSARA AT BEED NEAR INTAKE WATER PUMP HOUSE AT DAM, PALIGAON, BEED",MAHARASHTRA,Godavari,7.6499999999999995,,441.0,,,BINDUSARA,2016-06-30
2016,1215,MANER U/S WARANGAL,TELANGANA,Godavari,6.65,,328.5,,,MANER,2016-06-30
2016,1158,MANER AT SOMNAPALLI,TELANGANA,Godavari,6.95,,430.0,,,MANER,2016-06-30
2016,2719,"WARDHA D/S OF ERAI HADASTI, CHANDRAPUR",MAHARASHTRA,Godavari,7.0,,610.5,,,WARDHA,2016-06-30
2016,2720,"WARDHA U/S OF ERAI RIVER HADASTI, CHANDRAPUR",MAHARASHTRA,Godavari,7.4,,530.5,,,WARDHA,2016-06-30
2016,2721,"WARDHA U/S OF ACC GHUGGUS. , CHANDRAPUR",MAHARASHTRA,Godavari,7.199999999999999,,539.5,,,WARDHA,2016-06-30
2016,2174,WARDHA D/S OF ACC GHUGGUS,MAHARASHTRA,Godavari,7.25,,756.0,,,WARDHA,2016-06-30
2016,2156,WARDHA AT CONFLUENCE POINT OF PENGANGA & WARDHA AT JUAD,MAHARASHTRA,Godavari,7.3,,594.5,,,WARDHA,2016-06-30
2016,1212,WARDHA AT RAJURA BRIDGE,MAHARASHTRA,Godavari,7.300000000000001,,1071.5,,,WARDHA,2016-06-30
2016,1213,WAINGANGA AT BALAGHAT,MADHYA PRADESH,Godavari,7.5,,747.5,,,WAINGANGA,2016-06-30
2016,1214,WAINGANGA AT CHINDWARA,MADHYA PRADESH,Godavari,7.35,,772.0,,,WAINGANGA,2016-06-30
2016,1910,WAINGANGA A/C WITH KANHAN,MAHARASHTRA,Godavari,7.050000000000001,,854.5,,,Godavari,2016-06-30
2016,2173,WAINGANGA U/S OF ELLORA PAPER MILL.,MAHARASHTRA,Godavari,7.65,,413.5,,,WAINGANGA,2016-06-30
2016,2172,WAINGANGA D/S OF ELLORA PAPER MILL.,MAHARASHTRA,Godavari,6.9,,451.0,,,WAINGANGA,2016-06-30
2016,2175,"WAINGANGA U/S OF GAURAV PAPER MILLS, NEAR JACKWELL.",MAHARASHTRA,Godavari,7.4,,757.0,,,WAINGANGA,2016-06-30
2016,2176,"WAINGANGA D/S OF GAURAV PAPER MILLS, NEAR JACKWELL.",MAHARASHTRA,Godavari,7.15,,700.0,,,WAINGANGA,2016-06-30
2016,3330,"WAINGANGA AT CHHAPARA, NEAR W/S INTAKE POINT, JABALPUR",MADHYA PRADESH,Godavari,7.550000000000001,,548.0,,,WAINGANGA,2016-06-30
2016,3331,"WAINGANGA AT CHHAPARA, NEAR ROAD BRIDGE AFTER MIXI",MADHYA PRADESH,Godavari,7.45,,596.0,,,WAINGANGA,2016-06-30
2016,1908,KOLAR B/C TO KANHAN AT KAMPTEE,MAHARASHTRA,Godavari,7.6,,533.0,,,KANHAN,2016-06-30
2016,1909,KANHAN D/S OF NAGPUR,MAHARASHTRA,Godavari,7.45,,798.0,,,KANHAN,2016-06-30
2016,2170,"KANHAN U/S OF M/S VIDHARBHA PAPER MILL, SINORA",MAHARASHTRA,Godavari,7.55,,467.5,,,KANHAN,2016-06-30
2016,2171,"KANHAN D/S OF M/S VIDHARBHA PAPER MILL, SINORA",MAHARASHTRA,Godavari,7.4,,450.5,,,KANHAN,2016-06-30
2016,3312,KANHAN AT CHINDWARA BEFORE MIXING BOREGAON GROWTH,MADHYA PRADESH,Godavari,7.300000000000001,,620.0,,,KANHAN,2016-06-30
2016,1913,PURNA AT DHUPESHWAR,MAHARASHTRA,Godavari,7.75,,830.5,,,PURNA,2016-06-30
2016,1315,"NIRA AT PULGAON COTTON MILL, WARDHA",MAHARASHTRA,Godavari,7.25,,772.5,,,NIRA,2016-06-30
2016,2372,"KINNERASANI A/C OF KTPS ASH POND EFFLUENTS, KHAMMAM",TELANGANA,Godavari,6.8,,386.0,,,Godavari,2016-06-30
2016,2673,"MANJRA D/S OF LATUR NEAR LATUR-NANDED BRIDGE, BHATKHEDA, LATUR",MAHARASHTRA,Godavari,7.35,,640.5,,,MANJRA,2016-06-30
2016,2660,"DARNA AT CHEHEDI PUMPING STATION, CHEHEDI, NASHIK",MAHARASHTRA,Godavari,7.1,,560.5,,,DARNA,2016-06-30
2016,2661,"DARNA AT ASWALI (DARNA DAM), LGATPURI, NASHIK",MAHARASHTRA,Godavari,7.25,,444.0,,,DARNA,2016-06-30
2016,2662,"DARNA AT MES SITE PUMPING STATION, BHAGUR, NASHIK",MAHARASHTRA,Godavari,7.35,,416.0,,,DARNA,2016-06-30
2016,2663,"DARNA AT BHAGUR PUMPING STATION NEAR PANDHURLI BRIDGE, BHAGUR, NASHIK",MAHARASHTRA,Godavari,7.199999999999999,,346.0,,,DARNA,2016-06-30
2016,2664,"DARNA AT SANSARI , NASHIK",MAHARASHTRA,Godavari,7.35,,397.0,,,DARNA,2016-06-30
2016,2697,"PENGANGA NEAR WATER SUPPLY SCHEME OF UMARKHED MC BELKHED, UMARKHED, YAVATMAL",MAHARASHTRA,Godavari,7.4,,597.5,,,PENGANGA,2016-06-30
2016,2698,"PENGANGA D/S OF ISAPUR DAM, ISAPUR, PUSAD, YAVATMAL",MAHARASHTRA,Godavari,7.35,,645.5,,,PENGANGA,2016-06-30
2016,2699,"PENGANGA AT MEHKAR-BULDANA ROAD BRIDGE, MEHKAR, BULDANA",MAHARASHTRA,Godavari,6.95,,1364.0,,,PENGANGA,2016-06-30
2016,2722,"WENA U/S OF MOHATA MILLS, NEAR RAILWAY BRIDGE, HINGANGHAT",MAHARASHTRA,Godavari,7.35,,792.0,,,WENA,2016-06-30
2016,2723,"WENA D/S OF MOHATA MILLS, NR RD BRG ON HINGANGHAT-WADNER ROAD",MAHARASHTRA,Godavari,6.85,,795.0,,,WENA,2016-06-30
2016,1194,KRISHNA AT MAHABALESHWAR DHOM DAM NEAR KOINA DAM,MAHARASHTRA,Krishna,7.75,109.1,3.95,5.65,0.9,KRISHNA,2016-06-30
2016,1153,KRISHNA AT RAJAPUR WEIR,MAHARASHTRA,Krishna,7.55,361.0,2.6,6.1,1.5999999999999999,KRISHNA,2016-06-30
2016,1906,KRISHNA D/S ISLAMPUR,MAHARASHTRA,Krishna,7.55,451.0,2.5,6.25,1.2000000000000002,KRISHNA,2016-06-30
2016,1310,KRISHNA AT KURUNDWAD IN KOLHAPUR,MAHARASHTRA,Krishna,7.4,433.0,2.7,5.6,1.4000000000000001,KRISHNA,2016-06-30
2016,2187,KRISHNA AT KSHETRA MAHULI,MAHARASHTRA,Krishna,7.95,450.5,8.05,4.9,1.7000000000000002,KRISHNA,2016-06-30
2016,2188,KRISHNA AT KRISHNA-VENNA SANGAM AT MAHULI,MAHARASHTRA,Krishna,7.95,346.5,7.4,5.15,1.75,KRISHNA,2016-06-30
2016,2190,KRISHNA AT WAI,MAHARASHTRA,Krishna,7.6499999999999995,298.5,6.0,5.300000000000001,1.25,KRISHNA,2016-06-30
2016,1182,KRISHNA U/S OF UGARKHURD BARRAGE,KARNATAKA,Krishna,7.65,883.0,3.0,7.45,6.7,KRISHNA,2016-06-30
2016,1889,KRISHNA - ANKALI BRIDGE ALONG CHIKKODI KAGWAD ROAD,KARNATAKA,Krishna,7.6,810.1,3.15,7.55,3.05,Krishna,2016-06-30
2016,1181,KRISHNA D/S OF NARAYANPURA DAM,KARNATAKA,Krishna,7.95,665.0,1.9,7.35,1.7,KRISHNA,2016-06-30
2016,1028,KRISHNA AT TINTINI BRIDGE,KARNATAKA,Krishna,8.3,633.5,2.5,7.1,0.15,KRISHNA,2016-06-30
2016,1170,KRISHNAD/S OF DEVASAGAR BDG.,KARNATAKA,Krishna,7.8,995.0,2.75,7.6,0.15,Krishna,2016-06-30
2016,2781,KRISHNA D/S OF ALAMATTI DAM,KARNATAKA,Krishna,7.95,1080.0,1.7,7.5,1.45,KRISHNA,2016-06-30
2016,1784,"THANGADI , MAHABOOBNAGAR DIST",TELANGANA,Krishna,7.800000000000001,554.0,3.0,5.3,0.4,Krishna,2016-06-30
2016,1175,"KRISHNA A/C WITH TUNGABHADRA, SANGAMESHWARAM",ANDHRA PRADESH,Krishna,8.0,646.0,2.0,5.75,1.25,Krishna,2016-06-30
2016,1465,KRISHNA AT WADAPALLY A/C WITH MUSI (SHIFTED FROM 1220),TELANGANA,Krishna,8.0,1120.5,2.9,7.25,15.6,KRISHNA,2016-06-30
2016,1786,"VEDADRI , GUNTUR DIST",ANDHRA PRADESH,Krishna,7.55,1291.0,0.65,6.449999999999999,1.9500000000000002,Krishna,2016-06-30
2016,1787,"AMARAVATI , GUNTUR DIST",ANDHRA PRADESH,Krishna,7.25,540.5,0.75,6.449999999999999,0.85,Krishna,2016-06-30
2016,1782,"HAMSALA DEEVI , GUNTUR DIST",ANDHRA PRADESH,Krishna,7.5,22215.0,1.15,5.050000000000001,1.7000000000000002,Krishna,2016-06-30
2016,3083,"KRISHNA D/S OF SRISHAILAM, KURNOOL",ANDHRA PRADESH,Krishna,7.949999999999999,664.5,2.1,5.8,1.4,KRISHNA,2016-06-30
2016,1311,PANCHAGANGA AT ICHALKARANJI,MAHARASHTRA,Krishna,7.550000000000001,278.0,3.9,5.55,2.55,PANCHAGANGA,2016-06-30
2016,2163,PANCHAGANGA AT SHIROL NEAR SHIROL INTAKE WELL.,MAHARASHTRA,Krishna,7.4,464.0,3.6,6.0,1.55,PANCHAGANGA,2016-06-30
2016,1904,PANCHAGANGA U/S OF KOLHAPUR TOWN,MAHARASHTRA,Krishna,7.5,295.5,2.6,5.75,1.45,PANCHAGANGA,2016-06-30
2016,1905,PANCHAGANGA D/S OF KOLHAPUR TOWN,MAHARASHTRA,Krishna,7.449999999999999,262.0,3.6,5.800000000000001,1.55,PANCHAGANGA,2016-06-30
2016,1189,BHIMA U/S VITHALWADI PUNE,MAHARASHTRA,Krishna,7.5,436.0,16.45,4.5,1.4500000000000002,BHIMA,2016-06-30
2016,2655,"BHIMA AT KOREGAON NEAR KOREGAON BRIDGE, SHIRUR, PUNE",MAHARASHTRA,Krishna,7.85,454.0,6.1499999999999995,5.0,2.35,BHIMA,2016-06-30
2016,2656,"BHIMA -BACKWATER OF UJANI DAM NEAR RAW WATER PUMP HOUSE, KUMBARGAON, INDAPUR, PUNE",MAHARASHTRA,Krishna,7.800000000000001,839.5,5.9,4.55,3.2,DAM,2016-06-30
2016,1190,"BHIMA D/S, OF BUNDGARDEN PUNE",MAHARASHTRA,Krishna,7.449999999999999,458.0,23.8,3.4,1.6,BHIMA,2016-06-30
2016,1191,BHIMA AT PARGAON (A/CWITH MULE MARTHA),MAHARASHTRA,Krishna,7.7,1034.5,10.4,4.25,3.95,BHIMA,2016-06-30
2016,1192,BHIMA A/C WITH DAUNT,MAHARASHTRA,Krishna,7.95,1009.0,13.05,3.85,3.35,Krishna,2016-06-30
2016,1188,"BHIMA AT NARSINGHPUR, (D/S OF A/C WITH NIRA)",MAHARASHTRA,Krishna,8.2,1131.5,5.5,5.6,1.1,BHIMA,2016-06-30
2016,1183,BHIMA D/S OF ROAD BRIDGE AT GANGAPUR VILLAGE,KARNATAKA,Krishna,8.45,548.0,3.05,6.4,0.0,BHIMA,2016-06-30
2016,1184,BHIMA D/S FEROZABAD VILLAGE,KARNATAKA,Krishna,8.2,577.5,4.199999999999999,6.45,0.0,BHIMA,2016-06-30
2016,1888,BHIMA AT CONFLUENCE OF JEWARGI TOWN SEWAGE DISPOSAL POINT,KARNATAKA,Krishna,8.25,574.0,3.4000000000000004,6.35,0.0,BHIMA,2016-06-30
2016,1167,BHIMA D/S OF BDG. NEAR YADGIR,KARNATAKA,Krishna,8.1,1042.5,2.5,7.15,0.15,BHIMA,2016-06-30
2016,1185,GHATPRABHA D/S OF MUDHOL RD. CROSS BDG,KARNATAKA,Krishna,,7.9,790.0,20.6,17.8,GHATPRABHA,2016-06-30
2016,1163,GHATPRABHA AT W.A. POINT TO GOKAK TOWN,KARNATAKA,Krishna,,7.199999999999999,835.0,16.7,130.1,GHATPRABHA,2016-06-30
2016,1187,MALPRABHA D/S OF KHANAPUR VILLAGE,KARNATAKA,Krishna,,7.6,365.0,18.7,8.65,MALPRABHA,2016-06-30
2016,1164,"MALPRABHA AT WATER ABSTR. PT. TO HUBLI, DHARWAR",KARNATAKA,Krishna,,7.95,390.0,21.35,1.55,MALPRABHA,2016-06-30
2016,1186,MALPRABHA D/S OF AIHOLE TOWN,KARNATAKA,Krishna,,7.75,850.0,19.45,4.5,MALPRABHA,2016-06-30
2016,2764,MALPRABHA AT BADAMI BRIDGE,KARNATAKA,Krishna,,7.6,1085.0,18.15,4.05,MALPRABHA,2016-06-30
2016,1029,TUNGHABHADRA AT HARALAHALLI BRIDGE,KARNATAKA,Krishna,,7.7,354.0,18.65,3.65,TUNGHABHADRA,2016-06-30
2016,1785,"MANTHRALAYAM , KURNOOL DIST",ANDHRA PRADESH,Krishna,,8.05,965.5,16.8,2.1,Krishna,2016-06-30
2016,1174,"TUNGHABHADRA U/S KURNOOL, BAVAPURAM",ANDHRA PRADESH,Krishna,,8.0,1076.0,16.7,2.25,TUNGHABHADRA,2016-06-30
2016,2766,TUNGABHADRA AT NEW BRIDGE,KARNATAKA,Krishna,,7.5,316.5,18.6,2.35,TUNGABHADRA,2016-06-30
2016,2767,TUNGABHADRA U/S OF HPF,KARNATAKA,Krishna,,7.550000000000001,281.0,18.55,2.5,TUNGABHADRA,2016-06-30
2016,2768,TUNGABHADRA D/S OF HPF,KARNATAKA,Krishna,,7.4,959.0,18.8,11.5,TUNGABHADRA,2016-06-30
2016,2769,TUNGABHADRA AT JACKWELL POINT,KARNATAKA,Krishna,,7.5,471.0,18.9,5.9,TUNGABHADRA,2016-06-30
2016,2770,TUNGABHADRA AT HARIHAR WATER SUPPLY INTAKE,KARNATAKA,Krishna,,7.6499999999999995,500.0,18.75,5.5,TUNGABHADRA,2016-06-30
2016,1168,TUNGHA D/S OF SHIMOGA TOWN,KARNATAKA,Krishna,,7.6499999999999995,280.0,19.55,3.65,TUNGHA,2016-06-30
2016,1895,KAGINA D/S OF SEWAGE DISPOSAL POINT,KARNATAKA,Krishna,,8.1,468.0,17.45,3.15,KAGINA,2016-06-30
2016,1896,CONFLUENCE POINT OF TUNGA AND BHADRA AT KUDLI,KARNATAKA,Krishna,,7.75,214.5,19.1,3.1,BHADRA,2016-06-30
2016,1091,BHADRA D/S MALLESWARAM OF KIOCL,KARNATAKA,Krishna,,7.6,430.0,17.1,1.5,BHADRA,2016-06-30
2016,1387,BHADRA D/S OF BHADRAVATHI,KARNATAKA,Krishna,,7.4,231.5,18.95,5.25,BHADRA,2016-06-30
2016,1169,"BHADRA D/S OF KIOCL ROAD BRIDGE, NEAR HOLEHUNNUR",KARNATAKA,Krishna,,7.449999999999999,236.0,20.1,4.0,BHADRA,2016-06-30
2016,2765,"BHADRA U/S OF MPM,",KARNATAKA,Krishna,,7.6,199.0,18.0,2.5,BHADRA,2016-06-30
2016,2771,BHADRA U/S OF KIOCL,KARNATAKA,Krishna,,7.55,345.0,16.65,1.5,BHADRA,2016-06-30
2016,1172,MUSI U/S HYDERABAD,TELANGANA,Krishna,,7.8500000000000005,483.0,16.25,3.0,MUSI,2016-06-30
2016,1173,MUSI D/S HYDERABAD,TELANGANA,Krishna,,7.45,1329.0,15.0,20.1,MUSI,2016-06-30
2016,2339,"MUSI AT NAGOLE, RANGAREDDY",TELANGANA,Krishna,,7.5,1317.0,15.0,30.1,MUSI,2016-06-30
2016,3082,"MUSI RESERVOIR AT KASANIGUDA, NALGONDA",TELANGANA,Krishna,,8.25,1360.0,15.25,3.0,RESERVOIR,2016-06-30
2016,1178,"PALLERU B/C. WITH KRISHNA, JAGGAYYAPET",ANDHRA PRADESH,Krishna,,7.3,953.5,16.7,1.35,Krishna,2016-06-30
2016,1177,"MUNERU B/C. WITH KRISHNA, NANDIGAMA",TELANGANA,Krishna,,7.15,538.0,16.1,0.65,Krishna,2016-06-30
2016,2777,KAGINA AT SHAHABAD BRIDGE,KARNATAKA,Krishna,,8.15,471.0,17.45,3.2,KAGINA,2016-06-30
2016,2349,"NAKKAVAGU, BACHUGUDEM, MEDAK",TELANGANA,Krishna,,7.75,1613.5,15.25,13.0,Krishna,2016-06-30
2016,2350,"HUNDRI, JOHARPUR(V), NEAR TEMPLE, KURNOOL",ANDHRA PRADESH,Krishna,,7.9,2585.0,15.35,0.75,Krishna,2016-06-30
2016,2763,ASANGI NALLA AT ASANGI VILLAGE,KARNATAKA,Krishna,,7.800000000000001,1190.0,21.5,17.3,NALLA,2016-06-30
2016,2195,"NIRA D/S OF JUBILANT ORGANOSIS, PUNE",MAHARASHTRA,Krishna,,7.8999999999999995,893.5,15.55,19.0,NIRA,2016-06-30
2016,2682,"NIRA U/S OF JUBILANT ORGANOSIS (DATTAGHAT), BARAMATI, PUNE",MAHARASHTRA,Krishna,,8.15,565.5,16.75,13.55,NIRA,2016-06-30
2016,1463,NIRA AT SAROLE BDG.ON PUNE-BANGLORE HIGHWAY,MAHARASHTRA,Krishna,,8.1,501.75,15.95,7.5,NIRA,2016-06-30
2016,2681,"NIRA AT SANGAVI, PHALTAN, SATARA",MAHARASHTRA,Krishna,,8.2,1961.5,15.9,11.6,NIRA,2016-06-30
2016,2683,"NIRA AT SHINDEWADI. SHIRVAL, KHANDALA, SATARA",MAHARASHTRA,Krishna,,7.55,270.25,15.85,13.0,NIRA,2016-06-30
2016,2186,"VENNA AT VARYE, SATARA.",MAHARASHTRA,Krishna,,7.95,550.5,15.95,4.3,VENNA,2016-06-30
2016,2716,"VENNA AT MAHABALESHWAR, SATARA",MAHARASHTRA,Krishna,,7.4,315.25,14.3,3.4,VENNA,2016-06-30
2016,2717,"VENNA AT MAHULI, SATARA",MAHARASHTRA,Krishna,,7.9,343.5,14.5,7.5,VENNA,2016-06-30
2016,2189,KOYNA AT KARAD.,MAHARASHTRA,Krishna,,7.55,130.05,15.7,5.3,KOYNA,2016-06-30
2016,2194,MULA AT HARRISON BRIDGE NEAR MULA- PAWANA SANGAM,MAHARASHTRA,Krishna,,7.449999999999999,479.0,15.3,19.4,MULA,2016-06-30
2016,2193,"MULA AT AUNDH BRIDGE, AUNDGAON",MAHARASHTRA,Krishna,,7.65,602.5,15.7,18.3,MULA,2016-06-30
2016,2192,MULA-MUTHA AT MUNDHAWA BRIDGE,MAHARASHTRA,Krishna,,7.5,439.0,15.15,12.4,MUTHA,2016-06-30
2016,2677,"MULA-MUTHA D/S OF THEUR, HAWELI, PUNE",MAHARASHTRA,Krishna,,7.7,477.0,19.7,8.7,MUTHA,2016-06-30
2016,2191,MUTHA AT SANGAM BRIDGE NEAR GANAPATHY GHAT,MAHARASHTRA,Krishna,,7.5,385.5,16.0,24.8,MUTHA,2016-06-30
2016,2678,"MUTHA NEAR VEER SAVARKAR BHAVAN, PUNE",MAHARASHTRA,Krishna,,7.5,405.0,15.25,23.4,MUTHA,2016-06-30
2016,2679,"MUTHA AT DECCAN BRIDGE, DECCAN, PUNE",MAHARASHTRA,Krishna,,7.5,390.5,19.8,24.1,MUTHA,2016-06-30
2016,2680,"MUTHA AT KHADAKVASLA DAM, KHADAKVASLA, HAWELI, PUNE",MAHARASHTRA,Krishna,,7.6,121.55,21.75,3.2,MUTHA,2016-06-30
2016,2196,"PAWANA AT SANGAVIGAON, PUNE",MAHARASHTRA,Krishna,,7.55,519.5,16.45,13.7,PAWANA,2016-06-30
2016,2690,"PAWANA AT KASARWADI, HAWELI, PUNE",MAHARASHTRA,Krishna,,7.7,519.0,15.25,12.5,PAWANA,2016-06-30
2016,2691,"PAWANA AT DAPODI BRIDGE AT PAWANA-MULLA SANGAM, DAPODI, HAWELI, PUNE",MAHARASHTRA,Krishna,,7.7,508.5,15.4,13.2,PAWANA,2016-06-30
2016,2692,"PAWANA AT RAVET WEIR, RAVET, HAWELI, PUNE",MAHARASHTRA,Krishna,,7.65,408.5,16.6,9.0,PAWANA,2016-06-30
2016,2693,"PAWANA AT CHINCHWADGAON, HAWELI, PUNE",MAHARASHTRA,Krishna,,7.550000000000001,421.5,16.55,11.8,PAWANA,2016-06-30
2016,2694,"PAWANA AT PIMPRIGAON, HAWELI, PUNE",MAHARASHTRA,Krishna,,7.6,517.0,16.25,12.5,PAWANA,2016-06-30
2016,2197,"INDRAYANID/S OF ALANDIGAON, PUNE",MAHARASHTRA,Krishna,,7.7,373.5,18.95,21.9,Krishna,2016-06-30
2016,2668,"INDRAYANI AT D/S OF MOSHIGAON, HAWELI, PUNE",MAHARASHTRA,Krishna,,7.800000000000001,393.0,14.65,11.1,INDRAYANI,2016-06-30
2016,2669,"INDRAYANI U/S OF MOSHIGAON, HAWELI, PUNE",MAHARASHTRA,Krishna,,7.7,416.5,18.8,7.9,INDRAYANI,2016-06-30
2016,1911,CHANDRABHAGA U/S OF PANDHARPUR TOWN,MAHARASHTRA,Krishna,,8.1,1915.0,21.1,5.05,CHANDRABHAGA,2016-06-30
2016,1912,CHANDRABHAGA D/S OF PANDHARPUR TOWN,MAHARASHTRA,Krishna,,8.0,1133.5,19.6,6.45,CHANDRABHAGA,2016-06-30
2016,2665,"GHOD AT SHIRUR, PUNE",MAHARASHTRA,Krishna,,8.0,557.5,14.4,6.3,GHOD,2016-06-30
2016,2705,"SINA NEAR LABOTI TOLL NAKA, LABOTI, MOHAL, SOLAPUR",MAHARASHTRA,Krishna,,7.85,663.5,13.85,3.6,SINA,2016-06-30
2016,2711,"URMODI NAGTHANE, SATARA",MAHARASHTRA,Krishna,,7.7,330.5,14.75,6.0,Krishna,2016-06-30
2016,2715,"VEL AT SHIKRAPUR, SHIRUR, PUNE",MAHARASHTRA,Krishna,,7.85,1057.0,14.4,17.25,VEL,2016-06-30
2016,2776,TUNGABHADRA D/S OF GANGAWATHI,KARNATAKA,Krishna,,7.95,668.0,20.8,2.4,TUNGABHADRA,2016-06-30
2016,1255,"PENNAR B/CWITH CHITRAVATHI, TADPATRI, UNGANOOR",ANDHRA PRADESH,Pennar&,8.0,1058.0,0.75,4.35,1.4,Pennar&,2016-06-30
2016,1256,"PENNAR A/C WITH PAPAGNI, PUSPAGINI",ANDHRA PRADESH,Pennar&,7.95,1131.5,1.15,5.1,1.4,Pennar&,2016-06-30
2016,1257,"PENNAR A/C WITH CHEYYURU, SOMASILE",ANDHRA PRADESH,Pennar&,7.4,1105.0,0.65,6.5,1.9,Pennar&,2016-06-30
2016,2351,"KUNDU, NANDYAL, NEAR OVER BDG., KURNOOL",ANDHRA PRADESH,Pennar&,8.0,910.0,2.5,4.800000000000001,1.2999999999999998,Pennar&,2016-06-30
2016,1198,CAUVERY D/S NAPOKULU BDG,KARNATAKA,Cauvery,7.7,124.0,1.35,6.85,0.2,CAUVERY,2016-06-30
2016,1195,CAUVERY U/SKUSHAL NAGAR (NEAR BAICHANAHALLI),KARNATAKA,Cauvery,7.65,234.0,1.7,7.35,0.25,Cauvery,2016-06-30
2016,1171,"CAUVERYD/S SRI RANGAPATTANNA, OF ROAD BDG",KARNATAKA,Cauvery,8.05,266.0,3.0,5.6,0.25,Cauvery,2016-06-30
2016,1386,CAUVERY D/S OF KAREKUARA VILLAGE,KARNATAKA,Cauvery,8.2,232.0,1.85,6.800000000000001,0.25,CAUVERY,2016-06-30
2016,2773,CAUVERY AT BANNUR BRIDGE,KARNATAKA,Cauvery,7.9,323.0,2.2,6.35,0.9,CAUVERY,2016-06-30
2016,2774,CAUVERY AT RANGANATHITTU,KARNATAKA,Cauvery,8.15,275.0,2.05,6.95,0.25,CAUVERY,2016-06-30
2016,1322,CAUVERY AT RN PUDUR,TAMIL NADU,Cauvery,7.7,496.0,3.25,4.4,0.3,CAUVERY,2016-06-30
2016,1320,"CAUVERY AT ERODE NEAR CHIRAPALAYAM, TAMILNADU",TAMIL NADU,Cauvery,7.85,715.0,3.6,3.9,0.25,CAUVERY,2016-06-30
2016,1323,CAUVERY AT VELORE NEAR KATTIPALAYAM,TAMIL NADU,Cauvery,8.05,640.0,1.8,6.7,0.25,CAUVERY,2016-06-30
2016,3015,"CAUVERY AT PUGALUR, KARUR",TAMIL NADU,Cauvery,8.3,656.0,1.75,6.25,0.15,CAUVERY,2016-06-30
2016,1324,CAUVERY AT MOHANUR NEAR PATTAIPALAYAM,TAMIL NADU,Cauvery,7.9,707.0,2.4,5.7,0.3,CAUVERY,2016-06-30
2016,1451,CAUVERY AT THIRUMUKKUDAL CONFLUENCE PT. FOR AMRAVATI,TAMIL NADU,Cauvery,8.6,664.0,1.7,6.6,0.25,CAUVERY,2016-06-30
2016,3016,"CAUVERY AT PETTAIVAITHALAI, TRICHY",TAMIL NADU,Cauvery,8.2,710.0,1.65,7.4,0.55,CAUVERY,2016-06-30
2016,1202,CAUVERY U/S TIRUCHIRAPALLI,TAMIL NADU,Cauvery,8.25,522.5,2.0,7.1,0.5,CAUVERY,2016-06-30
2016,1325,CAUVERY D/S TIRUCHIRAPALLI,TAMIL NADU,Cauvery,8.05,960.0,5.1499999999999995,5.050000000000001,0.75,CAUVERY,2016-06-30
2016,1203,"CAUVERY AT GRAND ANICUT, TRICHY",TAMIL NADU,Cauvery,8.100000000000001,865.0,3.9,5.8,0.65,CAUVERY,2016-06-30
2016,1206,CAUVERY AT THANJAVUR,TAMIL NADU,Cauvery,8.0,591.0,2.1,6.300000000000001,0.4,CAUVERY,2016-06-30
2016,3018,"CAUVERY AT MAYILADUTHURAI, NAGAPATTINAM",TAMIL NADU,Cauvery,8.9,540.0,1.9,8.2,0.3,CAUVERY,2016-06-30
2016,3012,"CAUVERY AT KOMARAPALAYAM, NAMAKAL",TAMIL NADU,Cauvery,7.8999999999999995,497.0,3.45,5.75,0.55,CAUVERY,2016-06-30
2016,3013,"CAUVERY AT URACHIKOTTAI, ERODE",TAMIL NADU,Cauvery,8.1,416.5,2.85,6.5,0.45,CAUVERY,2016-06-30
2016,3014,"CAUVERY AT VAIRAPALAYAM, NAMAKAL",TAMIL NADU,Cauvery,7.85,459.5,2.0,6.25,0.25,CAUVERY,2016-06-30
2016,3017,"CAUVERY AT KUMBAKONAM, THANJAVU",TAMIL NADU,Cauvery,8.1,567.5,1.95,6.4,0.4,CAUVERY,2016-06-30
2016,1326,CAUVERY AT COLEROON,TAMIL NADU,Cauvery,8.2,38520.0,9.0,5.8,0.15,CAUVERY,2016-06-30
2016,1327,CAUVERY AT PITCHAVARAM,TAMIL NADU,Cauvery,7.9,23128.5,8.7,6.1499999999999995,0.1,CAUVERY,2016-06-30
2016,1892,NETRAVATHI U/S OF DHARMASTALA AT WATER SUPPLY INTAKE POINT,KARNATAKA,Cauvery,7.25,,68.5,6.45,0.5,NETRAVATHI,2016-06-30
2016,1893,YAGACHI NEAR PUMPING STATION. HASSAN CITY,KARNATAKA,Cauvery,8.0,,450.5,6.1499999999999995,2.0,YAGACHI,2016-06-30
2016,1199,HEMAVATI D/S OF HOLENARASIPURA TOWN AT RAMADEVALA WEIR,KARNATAKA,Cauvery,7.75,,185.5,7.95,1.0,HEMAVATI,2016-06-30
2016,1200,"SHIMSHA D/S OF HIGHWAY BRIDGE, YEDIYAR",KARNATAKA,Cauvery,7.6499999999999995,,241.5,7.3999999999999995,2.25,SHIMSHA,2016-06-30
2016,1166,"SHIMSHA D/S OF BRIDGE, HALAGUR",KARNATAKA,Cauvery,8.35,,497.0,4.25,3.4499999999999997,SHIMSHA,2016-06-30
2016,1165,ARKAVATHI D/S OF KANAKAPURA TOWN,KARNATAKA,Cauvery,7.6,,773.0,2.6,7.35,ARKAVATHI,2016-06-30
2016,2778,ARKAVATHI AT T.G. HALLI RESERVOIR,KARNATAKA,Cauvery,7.75,,709.0,5.35,5.0,ARKAVATHI,2016-06-30
2016,1196,LAKSHMANTIRTHA D/S OF HUNSUR TOWN,KARNATAKA,Cauvery,7.85,,637.5,3.6,4.65,LAKSHMANTIRTHA,2016-06-30
2016,2772,LAKSHMANTIRTHA D/S OF KATTEMALAVADI,KARNATAKA,Cauvery,8.15,,434.5,6.0,2.5999999999999996,LAKSHMANTIRTHA,2016-06-30
2016,1207,KABBANI AT MUTHANKARA,KERALA,Cauvery,7.15,,64.65,6.8,0.4,KABBANI,2016-06-30
2016,1197,KABBANI D/S SARAGUR VILLAGE,KARNATAKA,Cauvery,7.75,,268.5,6.25,2.0,KABBANI,2016-06-30
2016,1445,KABBANI AT WATER INTAKE OF KIADB AT NANJANGUD,KARNATAKA,Cauvery,8.2,,118.55,6.3,1.5,KABBANI,2016-06-30
2016,2775,"KABINI AT BATHING GHAT, NANJANAGUD",KARNATAKA,Cauvery,7.8,,146.0,5.7,2.9,KABINI,2016-06-30
2016,1208,BHAVANI AT ELACHIVAZHY,KERALA,Cauvery,7.4,,230.2,7.699999999999999,1.05,BHAVANI,2016-06-30
2016,1201,BHAVANI AT PATHIRAKALIAMMAN KOIL,TAMIL NADU,Cauvery,7.1,,245.4,6.3,1.2,BHAVANI,2016-06-30
2016,1204,BHAVANI AT SIRUMUGAI,TAMIL NADU,Cauvery,7.35,,135.25,7.0,1.0,BHAVANI,2016-06-30
2016,1321,BHAVANI AT BHAVANI SAGAR,TAMIL NADU,Cauvery,7.65,,140.6,6.65,1.35,BHAVANI,2016-06-30
2016,1205,BHAVANI AT BHAVANI,TAMIL NADU,Cauvery,7.75,,385.2,6.199999999999999,1.2,BHAVANI,2016-06-30
2016,3019,"BHAVANI AT D/S OF BHAVANI SAGAR, SATHYAMANGALAM, ERODE",TAMIL NADU,Cauvery,7.449999999999999,,142.85,6.25,3.3,BHAVANI,2016-06-30
2016,1319,AMRAVATI AT 1KM D/S FROM EFF.DIS. PT. AT MADHUTHUKKULAM,TAMIL NADU,Cauvery,7.5,,315.5,7.05,1.1,AMRAVATI,2016-06-30
2016,3020,"BHAVANI U/S OF KALINGARAYAN CANAL (B5), ERODE",TAMIL NADU,Cauvery,7.699999999999999,,270.5,5.6,1.2,BHAVANI,2016-06-30
2016,3021,"BHAVANI D/S OF KALINGARAYAN CANAL (B10), ERODE",TAMIL NADU,Cauvery,8.05,,265.3,6.75,0.85,BHAVANI,2016-06-30
2016,3024,SARABANGA AT SALEM D/S OF TEXTILE DYING INDUSTRIES EFFLUENT,TAMIL NADU,Cauvery,7.5,,1948.9,4.45,39.0,SARABANGA,2016-06-30
2016,3022,"THIRUMANIMUTHAR AT SALEM, D/S OF SAGO & TEXTILE DYING INDUSTRIES",TAMIL NADU,Cauvery,7.15,,1350.5,,95.0,THIRUMANIMUTHAR,2016-06-30
2016,3023,"VASISTA AT SALEM, D/S OF SAGO INDUSTRIES EFFLUENT",TAMIL NADU,Cauvery,7.25,,1761.0,2.1,337.5,VASISTA,2016-06-30
