year,code,station,state,section_title,pH,conductivity_uScm,BOD_mg_L,DO_mg_L,nitrate_mg_L,waterbody,date,bis_status,bis_reasons,pH_dev,raw_status,raw_reasons
2021,3095,"RIVER GANGA AT CHANDRAPUR, ITANAGAR,",ARUNACHAL PRADESH,Tributary Streams - Burhidihing At Margherita,7.75,393.5,1.9,3.75,,GANGA,2021-06-30,SAFE,Within BIS acceptable pH,0.0,UNSAFE,DO < 5 mg/L
2017,10162,ARRAH- CHAPRA ROAD BRIDGE (KOILWER BANURA-CHAPRA ROAD),BIHAR,Ganga,7.9,337.0,2.1,8.15,,Ganga,2017-06-30,SAFE,Within BIS acceptable pH,0.0,UNKNOWN,Insufficient data for composite check
2018,10162,ARRAH-CHHAPRA ROAD BRIDGE (KOILWER BANURA-CHHAPRA),BIHAR,Ganga,7.85,414.5,1.75,8.350000000000001,0.425,Ganga,2018-06-30,SAFE,Within BIS acceptable pH,0.0,UNKNOWN,Insufficient data for composite check
2018,4301,"BAKHTIYARPUR-TAJPUR BRIDGE ON GANGA, ATHMALGOLA",BIHAR,Ganga,7.3,307.5,2.0,8.45,0.215,Ganga,2018-06-30,SAFE,Within BIS acceptable pH,0.0,UNKNOWN,Insufficient data for composite check
2020,4301,"BAKHTIYARPUR-TAJPUR BRIDGE ON GANGA, ATHMALGOLA, PATNA",BIHAR,Ganga,8.2,314.5,1.7999999999999998,7.55,,Ganga,2020-06-30,SAFE,Within BIS acceptable pH,0.0,UNKNOWN,Insufficient data for composite check
2018,10138,CHAMPANAGAR,BIHAR,Ganga,7.4,302.5,1.9,8.85,0.32,Ganga,2018-06-30,SAFE,Within BIS acceptable pH,0.0,UNKNOWN,Insufficient data for composite check
2018,10130,D/S NAWADAGHAT,BIHAR,Ganga,7.550000000000001,306.5,2.05,8.45,0.3949999999999999,Ganga,2018-06-30,SAFE,Within BIS acceptable pH,0.0,UNKNOWN,Insufficient data for composite check
2018,10143,D/S NEAR CREMATION GHAT,BIHAR,Ganga,7.55,352.5,2.2,7.5,0.3999999999999999,Ganga,2018-06-30,SAFE,Within BIS acceptable pH,0.0,UNKNOWN,Insufficient data for composite check
2020,10162,GANGA AT ARA- CHAPRA ROAD BRIDGE (KOILWER BANURA - CHAPRA ROAD,BIHAR,Ganga,7.85,353.5,2.1,7.8,,GANGA,2020-06-30,SAFE,Within BIS acceptable pH,0.0,UNKNOWN,Insufficient data for composite check
2019,10162,GANGA AT ARA-CHHAPRA ROAD BRIDGE (KOILWER BANURA- CHHAPRA ROAD),BIHAR,Ganga,7.800000000000001,377.5,1.7,7.75,0.19,GANGA,2019-06-30,SAFE,Within BIS acceptable pH,0.0,UNKNOWN,Insufficient data for composite check
2020,1819,GANGA AT BHAGALPUR,BIHAR,Ganga,7.95,309.0,1.7,7.95,,GANGA,2020-06-30,SAFE,Within BIS acceptable pH,0.0,UNKNOWN,Insufficient data for composite check
2020,1074,GANGA AT BUXAR,BIHAR,Ganga,8.15,379.5,1.6,8.15,,GANGA,2020-06-30,SAFE,Within BIS acceptable pH,0.0,UNKNOWN,Insufficient data for composite check
2020,2551,"GANGA AT BUXAR, RAMREKHAGHAT",BIHAR,Ganga,8.15,411.0,1.85,7.85,,GANGA,2020-06-30,SAFE,Within BIS acceptable pH,0.0,UNKNOWN,Insufficient data for composite check
2018,3113,GANGA AT D/S BUXAR NEAR GANGA BRIDGE,BIHAR,Ganga,7.649999999999999,419.5,2.15,8.3,0.395,GANGA,2018-06-30,SAFE,Within BIS acceptable pH,0.0,UNKNOWN,Insufficient data for composite check
2020,3113,GANGA AT D/S BUXAR NEAR ROAD BRIDGE,BIHAR,Ganga,8.05,407.5,1.7,7.75,,GANGA,2020-06-30,SAFE,Within BIS acceptable pH,0.0,UNKNOWN,Insufficient data for composite check
2018,2553,GANGA AT FATUHA,BIHAR,Ganga,7.15,328.0,2.2,8.8,1.115,GANGA,2018-06-30,SAFE,Within BIS acceptable pH,0.0,UNKNOWN,Insufficient data for composite check
2020,2552,"GANGA AT GANDHIGHAT, NIT AT PATNA",BIHAR,Ganga,7.9,379.5,2.7,7.55,,GANGA,2020-06-30,SAFE,Within BIS acceptable pH,0.0,UNKNOWN,Insufficient data for composite check
2020,10115,"GANGA AT GULABI GHAT, PATNA",BIHAR,Ganga,7.85,372.5,2.15,7.6,,GANGA,2020-06-30,SAFE,Within BIS acceptable pH,0.0,UNKNOWN,Insufficient data for composite check
2017,10115,"GANGA AT GULBI GHAT, PATNA",BIHAR,Ganga,7.449999999999999,340.5,2.65,7.25,,GANGA,2017-06-30,SAFE,Within BIS acceptable pH,0.0,UNKNOWN,Insufficient data for composite check
2020,1816,GANGA AT KAHALGAON,BIHAR,Ganga,8.05,296.0,1.65,7.9,,GANGA,2020-06-30,SAFE,Within BIS acceptable pH,0.0,UNKNOWN,Insufficient data for composite check
2020,2553,"GANGA AT KEWALA GHAT,FATUHA, PATNA",BIHAR,Ganga,7.800000000000001,370.0,2.2,6.949999999999999,,GANGA,2020-06-30,SAFE,Within BIS acceptable pH,0.0,UNKNOWN,Insufficient data for composite check
2018,1077,"GANGA AT KHURJI, PATNA U/S",BIHAR,Ganga,7.35,328.5,2.0,10.0,0.315,GANGA,2018-06-30,SAFE,Within BIS acceptable pH,0.0,UNKNOWN,Insufficient data for composite check
2020,1077,"GANGA AT KURJI, PATNA U/S",BIHAR,Ganga,8.0,313.5,1.85,7.8,,GANGA,2020-06-30,SAFE,Within BIS acceptable pH,0.0,UNKNOWN,Insufficient data for composite check
2020,10114,"GANGA AT MAA AMBIKA ASTHAN, AAMI, SARAN",BIHAR,Ganga,7.85,346.5,1.85,7.65,,GANGA,2020-06-30,SAFE,Within BIS acceptable pH,0.0,UNKNOWN,Insufficient data for composite check
2020,3122,"GANGA AT MALSALAMI, PATNA",BIHAR,Ganga,8.2,402.0,1.5,8.600000000000001,,GANGA,2020-06-30,SAFE,Within BIS acceptable pH,0.0,UNKNOWN,Insufficient data for composite check
2019,1815,GANGA AT MOKAMA (D/S),BIHAR,Ganga,7.85,316.5,2.1,7.15,0.3,GANGA,2019-06-30,SAFE,Within BIS acceptable pH,0.0,UNKNOWN,Insufficient data for composite check
2020,1815,GANGA AT MOKAMA (D/s),BIHAR,Ganga,7.65,303.0,1.7,7.45,,GANGA,2020-06-30,SAFE,Within BIS acceptable pH,0.0,UNKNOWN,Insufficient data for composite check
2018,1817,GANGA AT MOKAMA (U/S),BIHAR,Ganga,7.75,296.5,2.05,8.25,0.39,GANGA,2018-06-30,SAFE,Within BIS acceptable pH,0.0,UNKNOWN,Insufficient data for composite check
2019,1817,"GANGA AT MOKAMA (U/S), MAHADEO ASTHAN, PATNA",BIHAR,Ganga,8.100000000000001,344.5,1.85,7.75,0.52,GANGA,2019-06-30,SAFE,Within BIS acceptable pH,0.0,UNKNOWN,Insufficient data for composite check
2020,1817,"GANGA AT MOKAMA (U/s), MAHADEO ASTHAN, PATNA",BIHAR,Ganga,8.1,319.5,1.95,7.800000000000001,,GANGA,2020-06-30,SAFE,Within BIS acceptable pH,0.0,UNKNOWN,Insufficient data for composite check
2020,1818,GANGA AT MUNGER,BIHAR,Ganga,7.85,308.0,2.1,7.399999999999999,,GANGA,2020-06-30,SAFE,Within BIS acceptable pH,0.0,UNKNOWN,Insufficient data for composite check
2018,1079,GANGA AT PATNA D/S (GANGA BRIDGE),BIHAR,Ganga,7.55,341.5,2.5,9.15,0.365,GANGA,2018-06-30,SAFE,Within BIS acceptable pH,0.0,UNKNOWN,Insufficient data for composite check
2020,1079,"GANGA AT PATNA D/S (GANGA BRIDGE), GAIGHAT",BIHAR,Ganga,7.85,417.5,2.15,7.5,,GANGA,2020-06-30,SAFE,Within BIS acceptable pH,0.0,UNKNOWN,Insufficient data for composite check
2020,2555,"GANGA AT PUNPUN, PATNA",BIHAR,Ganga,7.800000000000001,592.0,3.4,4.4,,GANGA,2020-06-30,SAFE,Within BIS acceptable pH,0.0,UNSAFE,DO < 5 mg/L; BOD > 3 mg/L
2020,2554,"GANGA AT SULTANGANJ, BHAGALPUR",BIHAR,Ganga,7.95,296.0,1.95,7.4,,GANGA,2020-06-30,SAFE,Within BIS acceptable pH,0.0,UNKNOWN,Insufficient data for composite check
2018,2564,GANGA AT THE CONFLUENCE OF SONE RIVER DORIGANJ,BIHAR,Ganga,7.4,343.0,1.85,8.9,0.3949999999999999,GANGA,2018-06-30,SAFE,Within BIS acceptable pH,0.0,UNKNOWN,Insufficient data for composite check
2020,2564,"GANGA AT THE CONFLUENCE OF SONE RIVER DORIGANJ, CHAPRA",BIHAR,Ganga,7.85,276.5,2.25,7.75,,GANGA,2020-06-30,SAFE,Within BIS acceptable pH,0.0,UNKNOWN,Insufficient data for composite check
2018,3118,GANGA AT U/S BHAGALPUR,BIHAR,Ganga,7.55,379.0,2.4,7.25,0.32,GANGA,2018-06-30,SAFE,Within BIS acceptable pH,0.0,UNKNOWN,Insufficient data for composite check
2020,3118,GANGA AT U/S BHAGALPUR NEAR BARARIGHAT,BIHAR,Ganga,7.65,363.5,2.4,7.050000000000001,,GANGA,2020-06-30,SAFE,Within BIS acceptable pH,0.0,UNKNOWN,Insufficient data for composite check
2017,10113,"GANGA AT U/S JAIL GHAT, BUXAR (D/S CONFLUENCE OF THORA RIVER)",BIHAR,Ganga,8.0,369.0,2.05,8.4,,GANGA,2017-06-30,SAFE,Within BIS acceptable pH,0.0,UNKNOWN,Insufficient data for composite check
2017,3116,GANGA AT U/S MUNGER,BIHAR,Ganga,7.8,305.0,2.2,7.6,,GANGA,2017-06-30,SAFE,Within BIS acceptable pH,0.0,UNKNOWN,Insufficient data for composite check
2020,3116,GANGA AT U/S MUNGER (NEAR INTAKE WELL ON GANGA),BIHAR,Ganga,8.0,296.0,2.25,7.550000000000001,,GANGA,2020-06-30,SAFE,Within BIS acceptable pH,0.0,UNKNOWN,Insufficient data for composite check
2018,3117,GANGA AT U/S SULATANGANJ,BIHAR,Ganga,7.449999999999999,310.0,1.95,8.55,0.35,GANGA,2018-06-30,SAFE,Within BIS acceptable pH,0.0,UNKNOWN,Insufficient data for composite check
2017,3117,GANGA AT U/S SULTANGANJ,BIHAR,Ganga,7.75,299.5,2.2,7.199999999999999,,GANGA,2017-06-30,SAFE,Within BIS acceptable pH,0.0,UNKNOWN,Insufficient data for composite check
2020,3117,"GANGA AT U/S SULTANGANJ, BHAGALPUR",BIHAR,Ganga,7.85,301.5,1.95,7.3,,GANGA,2020-06-30,SAFE,Within BIS acceptable pH,0.0,UNKNOWN,Insufficient data for composite check
2018,3114,GANGA NEAR DANAPUR (NEAR PIPA PUL),BIHAR,Ganga,7.6,321.0,2.05,10.5,0.28,GANGA,2018-06-30,SAFE,Within BIS acceptable pH,0.0,UNKNOWN,Insufficient data for composite check
2020,3114,"GANGA NEAR DANAPUR (NEAR PIPA PUL) ,PATNA",BIHAR,Ganga,7.75,287.5,2.05,7.25,,GANGA,2020-06-30,SAFE,Within BIS acceptable pH,0.0,UNKNOWN,Insufficient data for composite check
2020,4297,"KACHCHI-DARGAH-BIDUPUR ROAD BRIDGE, PATNA",BIHAR,Ganga,8.0,325.0,2.1,7.6,,Ganga,2020-06-30,SAFE,Within BIS acceptable pH,0.0,UNKNOWN,Insufficient data for composite check
2018,2552,PATNA TO GANDHI GHAT/NIT GHAT,BIHAR,Ganga,7.300000000000001,354.0,2.35,9.9,1.175,Ganga,2018-06-30,SAFE,Within BIS acceptable pH,0.0,UNKNOWN,Insufficient data for composite check
2019,10131,RIVE GANGA AT U/S BARAHPUR BINDTOLI,BIHAR,Ganga,8.15,323.5,1.75,7.75,0.435,GANGA,2019-06-30,SAFE,Within BIS acceptable pH,0.0,UNKNOWN,Insufficient data for composite check
2023,10162,RIVER GANGA AT ARA- CHAPRA ROAD BRIDGE (KOIILWAR BARHARA-CHAPRA ROAD),BIHAR,Ganga,,325.5,1.75,8.1,0.3249999999999999,GANGA,2023-06-30,UNKNOWN,pH missing,,UNKNOWN,Insufficient data for composite check
2021,10162,RIVER GANGA AT ARA- CHAPRA ROAD BRIDGE (KOILWER BANURA-CHAPRA ROAD),BIHAR,Ganga,7.85,345.0,1.9,8.2,0.4599999999999999,GANGA,2021-06-30,SAFE,Within BIS acceptable pH,0.0,UNKNOWN,Insufficient data for composite check
2021,4301,"RIVER GANGA AT BAKHTIYARPUR-TAJPUR BRIDGE ON GANGA, ATHMALGOLA",BIHAR,Ganga,7.6,338.5,1.6,9.0,0.52,GANGA,2021-06-30,SAFE,Within BIS acceptable pH,0.0,UNKNOWN,Insufficient data for composite check
2023,4301,"RIVER GANGA AT BAKHTIYARPUR-TAJPUR BRIDGE ON GANGA, ATHMALGOLA, PATNA",BIHAR,Ganga,,319.0,1.65,8.3,0.3,GANGA,2023-06-30,UNKNOWN,pH missing,,UNKNOWN,Insufficient data for composite check
2021,3123,"RIVER GANGA AT BARAHIYA, NEPALITOLA, MARANCHI, ;LAKSHISARAI",BIHAR,Ganga,7.9,324.0,1.95,9.1,0.6,GANGA,2021-06-30,SAFE,Within BIS acceptable pH,0.0,UNKNOWN,Insufficient data for composite check
2023,3123,"RIVER GANGA AT BARAHIYA, NEPALITOLA, MARANCHI, HATHIDAH AT MOKAMA, PATNA",BIHAR,Ganga,,340.0,1.8,8.15,0.3,GANGA,2023-06-30,UNKNOWN,pH missing,,UNKNOWN,Insufficient data for composite check
2021,3115,RIVER GANGA AT BARH,BIHAR,Ganga,7.8,424.5,2.0,8.5,0.555,GANGA,2021-06-30,SAFE,Within BIS acceptable pH,0.0,UNKNOWN,Insufficient data for composite check
2018,10115,RIVER GANGA AT BARKAGAON,BIHAR,Ganga,7.35,336.0,2.55,9.8,0.34,GANGA,2018-06-30,SAFE,Within BIS acceptable pH,0.0,UNKNOWN,Insufficient data for composite check
2021,1819,RIVER GANGA AT BHAGALPUR,BIHAR,Ganga,7.95,313.5,2.0,8.6,0.475,GANGA,2021-06-30,SAFE,Within BIS acceptable pH,0.0,UNKNOWN,Insufficient data for composite check
2023,1819,"RIVER GANGA AT BHAGALPUR, OPP. KUPPA GHAT",BIHAR,Ganga,,341.0,1.95,7.65,0.315,GANGA,2023-06-30,UNKNOWN,pH missing,,UNKNOWN,Insufficient data for composite check
2021,1074,RIVER GANGA AT BUXAR,BIHAR,Ganga,8.1,388.0,1.75,8.45,0.725,GANGA,2021-06-30,SAFE,Within BIS acceptable pH,0.0,UNKNOWN,Insufficient data for composite check
2023,2551,"RIVER GANGA AT BUXAR, RAMREKHAGHAT",BIHAR,Ganga,,439.0,1.8,7.6,0.3,GANGA,2023-06-30,UNKNOWN,pH missing,,UNKNOWN,Insufficient data for composite check
2017,10138,RIVER GANGA AT CHAMPANAGAR,BIHAR,Ganga,7.7,346.5,2.3,7.0,,GANGA,2017-06-30,SAFE,Within BIS acceptable pH,0.0,UNKNOWN,Insufficient data for composite check
2021,10138,"RIVER GANGA AT CHAMPANAGAR, BHAGALPUR",BIHAR,Ganga,8.0,306.0,2.6,7.55,13.15,GANGA,2021-06-30,SAFE,Within BIS acceptable pH,0.0,UNKNOWN,Insufficient data for composite check
2023,10138,"RIVER GANGA AT CHAMPANAGAR, RASIDPUR, BHAGALPUR",BIHAR,Ganga,,333.0,1.55,,0.3,GANGA,2023-06-30,UNKNOWN,pH missing,,UNKNOWN,Insufficient data for composite check
2023,3118,RIVER GANGA AT D/S BHAGALPUR NEAR BARARIGHAT,BIHAR,Ganga,,366.5,3.3,,0.345,GANGA,2023-06-30,UNKNOWN,pH missing,,UNSAFE,BOD > 3 mg/L
2021,3113,RIVER GANGA AT D/S BUXAR NEAR ROAD BRIDGE,BIHAR,Ganga,7.9,412.5,3.7,8.0,0.585,GANGA,2021-06-30,SAFE,Within BIS acceptable pH,0.0,UNSAFE,BOD > 3 mg/L
2023,3113,RIVER GANGA AT D/S BUXAR NEAR VEER KUNWAR SINGH ROAD BRIDGE,BIHAR,Ganga,,429.5,1.8,7.7,0.315,GANGA,2023-06-30,UNKNOWN,pH missing,,UNKNOWN,Insufficient data for composite check
2017,10130,RIVER GANGA AT D/S NAWADAGHAT,BIHAR,Ganga,7.95,277.0,2.25,8.1,,GANGA,2017-06-30,SAFE,Within BIS acceptable pH,0.0,UNKNOWN,Insufficient data for composite check
2021,10130,"RIVER GANGA AT D/S NAWADAGHAT , BARH ,PATNA",BIHAR,Ganga,7.85,309.5,1.85,8.9,0.65,GANGA,2021-06-30,SAFE,Within BIS acceptable pH,0.0,UNKNOWN,Insufficient data for composite check
2019,10130,"RIVER GANGA AT D/S NAWADGHAT, BARH, PATNA",BIHAR,Ganga,8.2,357.5,1.7,7.8,0.3399999999999999,GANGA,2019-06-30,SAFE,Within BIS acceptable pH,0.0,UNKNOWN,Insufficient data for composite check
2018,10114,RIVER GANGA AT D/S SARIKPUR,BIHAR,Ganga,7.75,321.5,2.05,8.75,0.39,GANGA,2018-06-30,SAFE,Within BIS acceptable pH,0.0,UNKNOWN,Insufficient data for composite check
2023,1077,"RIVER GANGA AT DIGHA, NEAR J P SETU, PATNA U/S",BIHAR,Ganga,,334.0,1.6,8.350000000000001,0.3,GANGA,2023-06-30,UNKNOWN,pH missing,,UNKNOWN,Insufficient data for composite check
2023,2552,"RIVER GANGA AT GANDHIGHAT, NIT PATNA",BIHAR,Ganga,,328.5,1.75,7.8,0.3,GANGA,2023-06-30,UNKNOWN,pH missing,,UNKNOWN,Insufficient data for composite check
2021,10115,RIVER GANGA AT GULABI GHAT,BIHAR,Ganga,7.649999999999999,334.5,2.3,6.8500000000000005,0.585,GANGA,2021-06-30,SAFE,Within BIS acceptable pH,0.0,UNKNOWN,Insufficient data for composite check
2023,10115,"RIVER GANGA AT GULABI GHAT, PATNA",BIHAR,Ganga,,324.5,1.85,7.65,0.3,GANGA,2023-06-30,UNKNOWN,pH missing,,UNKNOWN,Insufficient data for composite check
2022,4297,RIVER GANGA AT KACHCHI-DARGAH-,BIHAR,Ganga,7.925,377.0,2.0,7.65,,GANGA,2022-06-30,SAFE,Within BIS acceptable pH,0.0,UNKNOWN,Insufficient data for composite check
2023,4297,"RIVER GANGA AT KACHCHI-DARGAH-BIDUPUR NEAR ROAD BRIDGE, PATNA",BIHAR,Ganga,,325.0,1.65,7.9,0.3,GANGA,2023-06-30,UNKNOWN,pH missing,,UNKNOWN,Insufficient data for composite check
2021,4297,"RIVER GANGA AT KACHCHI-DARGAH-BIDUPUR ROAD BRIDGE, PATNA",BIHAR,Ganga,7.800000000000001,323.5,2.1,8.05,0.625,GANGA,2021-06-30,SAFE,Within BIS acceptable pH,0.0,UNKNOWN,Insufficient data for composite check
2021,1816,RIVER GANGA AT KAHALGAON,BIHAR,Ganga,7.7,323.5,1.9,8.15,0.48,GANGA,2021-06-30,SAFE,Within BIS acceptable pH,0.0,UNKNOWN,Insufficient data for composite check
2023,2553,"RIVER GANGA AT KEWALA GHAT,FATUHA, PATNA",BIHAR,Ganga,,370.0,1.9,7.25,0.305,GANGA,2023-06-30,UNKNOWN,pH missing,,UNKNOWN,Insufficient data for composite check
2021,1077,"RIVER GANGA AT KURJI, PATNA U/S",BIHAR,Ganga,7.75,336.5,2.6,7.5,0.725,GANGA,2021-06-30,SAFE,Within BIS acceptable pH,0.0,UNKNOWN,Insufficient data for composite check
2023,10114,"RIVER GANGA AT MAA AMBIKA ASTHAN, AAMI, SARAN",BIHAR,Ganga,,309.0,1.9,7.85,0.3,GANGA,2023-06-30,UNKNOWN,pH missing,,UNKNOWN,Insufficient data for composite check
2021,3122,"RIVER GANGA AT MALSALAMI, PATNA",BIHAR,Ganga,7.899999999999999,355.5,1.8,8.15,0.585,GANGA,2021-06-30,SAFE,Within BIS acceptable pH,0.0,UNKNOWN,Insufficient data for composite check
2023,3122,"RIVER GANGA AT MALSALAMI, PATNA CITY, PATNA",BIHAR,Ganga,,322.0,1.95,7.9,0.3,GANGA,2023-06-30,UNKNOWN,pH missing,,UNKNOWN,Insufficient data for composite check
2022,30076,RIVER GANGA AT MANJHIGHAT DIST. CHHAPRA(BIHAR),BIHAR,Ganga,7.775,463.0,4.6,7.550000000000001,0.77,GANGA,2022-06-30,SAFE,Within BIS acceptable pH,0.0,UNSAFE,BOD > 3 mg/L
2021,30076,RIVER GANGA AT MANJHIGHAT(BIHAR),BIHAR,Ganga,7.7,449.5,3.8,8.0,1.4249999999999998,GANGA,2021-06-30,SAFE,Within BIS acceptable pH,0.0,UNSAFE,BOD > 3 mg/L
2021,1815,RIVER GANGA AT MOKAMA (D/S),BIHAR,Ganga,8.0,307.5,4.45,8.7,,GANGA,2021-06-30,SAFE,Within BIS acceptable pH,0.0,UNSAFE,BOD > 3 mg/L
2023,1815,"RIVER GANGA AT MOKAMA (D/S), NEAR RAJENDRA BRIDGE , SIMIRIYA GHAT",BIHAR,Ganga,,333.0,1.9,8.45,0.3,GANGA,2023-06-30,UNKNOWN,pH missing,,UNKNOWN,Insufficient data for composite check
2023,1817,"RIVER GANGA AT MOKAMA (U/S), MAHADEO ASTHAN, PATNA",BIHAR,Ganga,,312.5,1.9,8.35,0.3,GANGA,2023-06-30,UNKNOWN,pH missing,,UNKNOWN,Insufficient data for composite check
2021,1818,RIVER GANGA AT MUNGER,BIHAR,Ganga,7.949999999999999,299.5,2.1500000000000004,8.05,0.515,GANGA,2021-06-30,SAFE,Within BIS acceptable pH,0.0,UNKNOWN,Insufficient data for composite check
2023,1818,"RIVER GANGA AT MUNGER D/S, CREAMINATION GHAT",BIHAR,Ganga,,330.0,1.85,8.25,0.3,GANGA,2023-06-30,UNKNOWN,pH missing,,UNKNOWN,Insufficient data for composite check
2021,1079,"RIVER GANGA AT PATNA D/S (GANGA BRIDGE), GAIGHAT",BIHAR,Ganga,7.800000000000001,326.5,2.1,7.1,0.64,GANGA,2021-06-30,SAFE,Within BIS acceptable pH,0.0,UNKNOWN,Insufficient data for composite check
2023,1079,"RIVER GANGA AT PATNA D/S (GANGA BRIDGE), GAIGHAT, PATNA",BIHAR,Ganga,,,,,0.31,GANGA,2023-06-30,UNKNOWN,pH missing,,UNKNOWN,Insufficient data for composite check
2021,2554,"RIVER GANGA AT SULTANGANJ, BHAGALPUR",BIHAR,Ganga,7.9,317.5,2.15,8.55,17.7,GANGA,2021-06-30,SAFE,Within BIS acceptable pH,0.0,UNKNOWN,Insufficient data for composite check
2023,2564,"RIVER GANGA AT THE BALUGHAT, DORIGANJ, SARAN",BIHAR,Ganga,,347.0,1.9,7.8,0.31,GANGA,2023-06-30,UNKNOWN,pH missing,,UNKNOWN,Insufficient data for composite check
2021,2564,"RIVER GANGA AT THE CONFLUENCE OF SONE RIVER DORIGANJ, CHAPRA",BIHAR,Ganga,7.699999999999999,349.0,1.95,7.85,0.4499999999999999,GANGA,2021-06-30,SAFE,Within BIS acceptable pH,0.0,UNKNOWN,Insufficient data for composite check
2017,10122,RIVER GANGA AT TRIVENI GHAT,BIHAR,Ganga,8.05,294.0,2.4000000000000004,7.7,,GANGA,2017-06-30,SAFE,Within BIS acceptable pH,0.0,UNKNOWN,Insufficient data for composite check
2023,10122,"RIVER GANGA AT TRIVENI GHAT, PATNA",BIHAR,Ganga,,324.5,1.9,7.45,0.3,GANGA,2023-06-30,UNKNOWN,pH missing,,UNKNOWN,Insufficient data for composite check
2023,3117,"RIVER GANGA AT U/S AJGABINATH MANDIR SULTANGANJ, BHAGALPUR",BIHAR,Ganga,,332.5,1.75,8.25,0.3,GANGA,2023-06-30,UNKNOWN,pH missing,,UNKNOWN,Insufficient data for composite check
2021,10131,RIVER GANGA AT U/S BARAHPUR BINDTOLI,BIHAR,Ganga,7.7,325.5,1.95,8.75,0.685,GANGA,2021-06-30,SAFE,Within BIS acceptable pH,0.0,UNKNOWN,Insufficient data for composite check
2021,3118,RIVER GANGA AT U/S BHAGALPUR NEAR BARARIGHAT,BIHAR,Ganga,7.8,591.5,4.2,6.85,0.65,GANGA,2021-06-30,SAFE,Within BIS acceptable pH,0.0,UNSAFE,BOD > 3 mg/L
2018,10113,RIVER GANGA AT U/S JAIL GHAT,BIHAR,Ganga,7.75,411.0,2.2,8.5,0.39,GANGA,2018-06-30,SAFE,Within BIS acceptable pH,0.0,UNKNOWN,Insufficient data for composite check
2023,10113,"RIVER GANGA AT U/S JAIL GHAT, BUXAR",BIHAR,Ganga,,421.0,1.75,7.85,0.3,GANGA,2023-06-30,UNKNOWN,pH missing,,UNKNOWN,Insufficient data for composite check
2021,3116,RIVER GANGA AT U/S MUNGER (NEAR INTAKE WELL ON GANGA),BIHAR,Ganga,7.85,292.5,1.95,8.25,0.52,GANGA,2021-06-30,SAFE,Within BIS acceptable pH,0.0,UNKNOWN,Insufficient data for composite check
2023,3116,RIVER GANGA AT U/S MUNGER KASHATHARNI GHAT,BIHAR,Ganga,,321.0,2.0,,0.3,GANGA,2023-06-30,UNKNOWN,pH missing,,UNKNOWN,Insufficient data for composite check
2021,3117,"RIVER GANGA AT U/S SULTANGANJ, BHAGALPUR",BIHAR,Ganga,7.85,306.5,1.65,8.4,0.6,GANGA,2021-06-30,SAFE,Within BIS acceptable pH,0.0,UNKNOWN,Insufficient data for composite check
2023,3115,"RIVER GANGA AT UMA NATH MANDIR,BARH",BIHAR,Ganga,,312.0,1.8,8.15,0.305,GANGA,2023-06-30,UNKNOWN,pH missing,,UNKNOWN,Insufficient data for composite check
2023,4398,"RIVER GANGA AT WATER INTAKE POINT, BHAGALPUR",BIHAR,Ganga,,,,7.6,0.305,GANGA,2023-06-30,UNKNOWN,pH missing,,UNKNOWN,Insufficient data for composite check
2023,2554,"RIVER GANGA D/S CREMINATION GHAT AT SULTANGANJ, BHAGALPUR",BIHAR,Ganga,,318.0,1.7,7.949999999999999,0.305,GANGA,2023-06-30,UNKNOWN,pH missing,,UNKNOWN,Insufficient data for composite check
2021,10143,RIVER GANGA D/S NEAR CREMATION GHAT,BIHAR,Ganga,5.95,297.0,1.9,8.3,0.68,GANGA,2021-06-30,UNSAFE,pH outside 6.5–8.5 (BIS IS 10500),0.5499999999999998,UNSAFE,pH out of 6.5–8.5
2022,10143,"RIVER GANGA D/S NEAR CREMATION GHAT, KHALGOAN",BIHAR,Ganga,7.699999999999999,328.5,2.2,8.15,,GANGA,2022-06-30,SAFE,Within BIS acceptable pH,0.0,UNKNOWN,Insufficient data for composite check
2023,10131,"RIVER GANGA D/S OF M/S NTPC, BARH WATER INTAKE POINT,PATHANICHAK, BINDTOLA BARH",BIHAR,Ganga,,279.5,1.85,7.6,0.3,GANGA,2023-06-30,UNKNOWN,pH missing,,UNKNOWN,Insufficient data for composite check
2022,3114,"RIVER GANGA NEAR DANAPUR (NEAR PIPA PUL) ,PATNA",BIHAR,Ganga,7.734999999999999,346.0,2.05,8.7,,GANGA,2022-06-30,SAFE,Within BIS acceptable pH,0.0,UNKNOWN,Insufficient data for composite check
2019,10115,"RIVER GANGA TA GULABI GHAT, PATNA",BIHAR,Ganga,7.9,364.0,2.3,7.05,0.425,Ganga,2019-06-30,SAFE,Within BIS acceptable pH,0.0,UNKNOWN,Insufficient data for composite check
2019,10114,"RIVER GANGA TA MAA AMBIKA ASTHAN, AAMI, SARAN",BIHAR,Ganga,7.6,239.0,1.95,8.45,0.37,Ganga,2019-06-30,SAFE,Within BIS acceptable pH,0.0,UNKNOWN,Insufficient data for composite check
2023,10130,"RIVER GANGA U/S OF M/S NTPC, BARH WATER INTAKE POINT, BARH",BIHAR,Ganga,,320.5,1.85,8.4,0.3,GANGA,2023-06-30,UNKNOWN,pH missing,,UNKNOWN,Insufficient data for composite check
2021,4299,"RIVER KAMALA (BIHAR) GANGA AT JEEWACH GHAT, DARBHANGA",BIHAR,Tributary Streams - Sone At Koelwar,7.199999999999999,459.5,2.2,7.05,0.3,GANGA,2021-06-30,SAFE,Within BIS acceptable pH,0.0,UNKNOWN,Insufficient data for composite check
2018,10122,TRIVENI GHAT,BIHAR,Ganga,7.25,309.5,2.2,8.1,0.28,Ganga,2018-06-30,SAFE,Within BIS acceptable pH,0.0,UNKNOWN,Insufficient data for composite check
2019,2627,BATTA BEFORE CONFLUENCE TO YAMUNA,HIMACHAL PRADESH,Ganga,7.5,465.5,1.05,8.4,0.3999999999999999,Ganga,2019-06-30,SAFE,Within BIS acceptable pH,0.0,UNKNOWN,Insufficient data for composite check
2020,30006,GANGA AT BIJNOR (U.P.),INTER-STATE,Ganga,7.5,195.0,1.3,8.8,,GANGA,2020-06-30,SAFE,Within BIS acceptable pH,0.0,UNKNOWN,Insufficient data for composite check
2020,30076,GANGA AT MANJHIGHAT(BIHAR),INTER-STATE,Ganga,8.35,364.0,4.3,9.1,,GANGA,2020-06-30,SAFE,Within BIS acceptable pH,0.0,UNSAFE,BOD > 3 mg/L
2020,30005,GANGA AT SULTANPUR (UTTARAKHAND),INTER-STATE,Ganga,7.25,215.5,2.6,8.75,0.96,GANGA,2020-06-30,SAFE,Within BIS acceptable pH,0.0,UNKNOWN,Insufficient data for composite check
2020,30075,GANGA AT TARIGHAT GHAZIPUR (U.P.),INTER-STATE,Ganga,7.75,373.0,4.25,8.65,,GANGA,2020-06-30,SAFE,Within BIS acceptable pH,0.0,UNSAFE,BOD > 3 mg/L
2023,1306,"RIVER GAWKADAL, SRG (SHERGHARI, SRG)",JAMMU & KASHMIR,Ganga,,253.0,3.65,6.25,0.0,Ganga,2023-06-30,UNKNOWN,pH missing,,UNSAFE,BOD > 3 mg/L
2018,10145,D/S NEAR JANTA GHAT,JHARKHAND,Ganga,8.1,310.0,2.6,8.1,,Ganga,2018-06-30,SAFE,Within BIS acceptable pH,0.0,UNKNOWN,Insufficient data for composite check
2020,1059,GANGA AT RAJMAHAL,JHARKHAND,Ganga,7.75,322.5,2.1,9.3,,GANGA,2020-06-30,SAFE,Within BIS acceptable pH,0.0,UNKNOWN,Insufficient data for composite check
2019,1059,"GANGA AT RAJMAHAL,",JHARKHAND,Ganga,8.35,316.0,2.5,8.3,,GANGA,2019-06-30,SAFE,Within BIS acceptable pH,0.0,UNKNOWN,Insufficient data for composite check
2023,1059,"RIVER GANGA AT RAJMAHAL, BIHAR",JHARKHAND,Ganga,,130.5,1.25,7.0,0.0,GANGA,2023-06-30,UNKNOWN,pH missing,,UNKNOWN,Insufficient data for composite check
2021,1059,"RIVER GANGA AT RAJMAHAL, JHARKHAND",JHARKHAND,Ganga,7.5,300.0,1.4,7.1,,GANGA,2021-06-30,SAFE,Within BIS acceptable pH,0.0,UNKNOWN,Insufficient data for composite check
2023,10146,RIVER GANGA AT SANGI DALAN,JHARKHAND,Ganga,,173.5,1.2000000000000002,7.15,0.0,GANGA,2023-06-30,UNKNOWN,pH missing,,UNKNOWN,Insufficient data for composite check
2023,10145,RIVER GANGA D/S NEAR JANTA GHAT,JHARKHAND,Ganga,,178.0,1.25,7.3,0.0,GANGA,2023-06-30,UNKNOWN,pH missing,,UNKNOWN,Insufficient data for composite check
2023,10144,RIVER GANGA U/S NEAR LCT GHAT,JHARKHAND,Ganga,,165.0,1.2000000000000002,7.25,0.0,GANGA,2023-06-30,UNKNOWN,pH missing,,UNKNOWN,Insufficient data for composite check
2018,10146,SANGI DALAN,JHARKHAND,Ganga,8.15,311.0,2.6,8.25,,Ganga,2018-06-30,SAFE,Within BIS acceptable pH,0.0,UNKNOWN,Insufficient data for composite check
2018,10144,U/S NEAR LCT GHAT,JHARKHAND,Ganga,8.25,310.0,2.5,8.25,,Ganga,2018-06-30,SAFE,Within BIS acceptable pH,0.0,UNKNOWN,Insufficient data for composite check
2019,2913,"KALI BEIN FALLING INTO RIVER BEAS, PUNJAB",PUNJAB,Ganga,7.55,374.0,3.55,5.949999999999999,0.8999999999999999,Ganga,2019-06-30,SAFE,Within BIS acceptable pH,0.0,UNSAFE,BOD > 3 mg/L
2023,5777,nan,"RIVER GANGA NEAR VISTHAPHIT COLONY, RISHIKESH UTTARAKHAND 14.0",Ganga,,260.5,1.35,,0.4,Ganga,2023-06-30,UNKNOWN,pH missing,,UNKNOWN,Insufficient data for composite check
2018,10154,BATHING GHAT (BHARAOGHAT),UTTAR PRADESH,Ganga,8.15,318.0,3.5,8.95,,Ganga,2018-06-30,SAFE,Within BIS acceptable pH,0.0,UNSAFE,BOD > 3 mg/L
2018,10156,"BATHING GHAT, GOLAGHAT",UTTAR PRADESH,Ganga,8.1,332.5,4.449999999999999,8.25,,Ganga,2018-06-30,SAFE,Within BIS acceptable pH,0.0,UNSAFE,BOD > 3 mg/L
2018,10157,"BATHING GHAT, JAJMAU BRIDGE",UTTAR PRADESH,Ganga,8.05,350.0,5.2,7.65,,Ganga,2018-06-30,SAFE,Within BIS acceptable pH,0.0,UNSAFE,BOD > 3 mg/L
2017,10155,D/S (SHUKLAGANJ),UTTAR PRADESH,Ganga,7.85,305.0,3.45,7.65,0.3,Ganga,2017-06-30,SAFE,Within BIS acceptable pH,0.0,UNSAFE,BOD > 3 mg/L
2018,10155,D/S SHUKLAGANJ,UTTAR PRADESH,Ganga,8.1,331.0,4.1,8.5,,Ganga,2018-06-30,SAFE,Within BIS acceptable pH,0.0,UNSAFE,BOD > 3 mg/L
2018,10151,FARRUKABAD,UTTAR PRADESH,Ganga,8.0,247.0,2.45,8.45,,Ganga,2018-06-30,SAFE,Within BIS acceptable pH,0.0,UNKNOWN,Insufficient data for composite check
2019,1046,GANGA AT ALLAHABAD (RASOOLABAD),UTTAR PRADESH,Ganga,8.0,207.5,2.6500000000000004,9.75,1.445,GANGA,2019-06-30,SAFE,Within BIS acceptable pH,0.0,UNKNOWN,Insufficient data for composite check
2020,1046,"GANGA AT ALLAHABAD (RASOOLABAD), U.P.",UTTAR PRADESH,Ganga,7.9,274.0,2.6,10.05,,GANGA,2020-06-30,SAFE,Within BIS acceptable pH,0.0,UNKNOWN,Insufficient data for composite check
2019,1049,GANGA AT ALLAHABAD D/S (SANGAM),UTTAR PRADESH,Ganga,8.1,259.5,2.7,9.15,1.61,GANGA,2019-06-30,SAFE,Within BIS acceptable pH,0.0,UNKNOWN,Insufficient data for composite check
2020,1049,"GANGA AT ALLAHABAD D/S (SANGAM), U.P.",UTTAR PRADESH,Ganga,8.1,327.0,2.35,9.45,1.09,GANGA,2020-06-30,SAFE,Within BIS acceptable pH,0.0,UNKNOWN,Insufficient data for composite check
2019,1146,GANGA AT BITHOOR (KANPUR),UTTAR PRADESH,Ganga,8.350000000000001,276.5,3.35,8.35,,GANGA,2019-06-30,SAFE,Within BIS acceptable pH,0.0,UNSAFE,BOD > 3 mg/L
2020,1146,"GANGA AT BITHOOR (KANPUR), U.P.",UTTAR PRADESH,Ganga,8.1,278.0,2.8,9.1,,GANGA,2020-06-30,SAFE,Within BIS acceptable pH,0.0,UNKNOWN,Insufficient data for composite check
2019,1147,GANGA AT DALMAU (RAI BAREILLY),UTTAR PRADESH,Ganga,8.3,329.5,3.45,8.8,0.8200000000000001,GANGA,2019-06-30,SAFE,Within BIS acceptable pH,0.0,UNSAFE,BOD > 3 mg/L
2020,1147,"GANGA AT DALMAU (RAI BAREILLY), U.P.",UTTAR PRADESH,Ganga,7.949999999999999,286.0,3.8,9.05,,GANGA,2020-06-30,SAFE,Within BIS acceptable pH,0.0,UNSAFE,BOD > 3 mg/L
2019,1062,GANGA AT GARHMUKTESHWAR,UTTAR PRADESH,Ganga,7.25,210.5,1.85,9.0,0.575,GANGA,2019-06-30,SAFE,Within BIS acceptable pH,0.0,UNKNOWN,Insufficient data for composite check
2020,1062,"GANGA AT GARHMUKTESHWAR, U.P",UTTAR PRADESH,Ganga,7.75,212.5,,8.95,,GANGA,2020-06-30,SAFE,Within BIS acceptable pH,0.0,UNKNOWN,Insufficient data for composite check
2020,2490,"GANGA AT KACHHLA GHAT, ALIGARH",UTTAR PRADESH,Ganga,7.4,1004.0,,9.75,,GANGA,2020-06-30,SAFE,Within BIS acceptable pH,0.0,UNKNOWN,Insufficient data for composite check
2020,2487,"GANGA AT KADAGHAT, ALLAHABAD",UTTAR PRADESH,Ganga,7.95,300.5,2.45,9.35,,GANGA,2020-06-30,SAFE,Within BIS acceptable pH,0.0,UNKNOWN,Insufficient data for composite check
2020,2498,"GANGA AT KALA KANKAR, RAEBARELI",UTTAR PRADESH,Ganga,7.949999999999999,287.5,3.65,9.2,,GANGA,2020-06-30,SAFE,Within BIS acceptable pH,0.0,UNSAFE,BOD > 3 mg/L
2019,1066,GANGA AT KANNAUJ D/S,UTTAR PRADESH,Ganga,8.2,283.0,3.5,8.1,,GANGA,2019-06-30,SAFE,Within BIS acceptable pH,0.0,UNSAFE,BOD > 3 mg/L
2020,1066,"GANGA AT KANNAUJ D/S, U.P",UTTAR PRADESH,Ganga,7.95,335.0,2.6500000000000004,8.45,,GANGA,2020-06-30,SAFE,Within BIS acceptable pH,0.0,UNKNOWN,Insufficient data for composite check
2019,1063,GANGA AT KANNAUJ U/S (RAJGHAT),UTTAR PRADESH,Ganga,8.15,275.0,2.9,8.5,,GANGA,2019-06-30,SAFE,Within BIS acceptable pH,0.0,UNKNOWN,Insufficient data for composite check
2020,1063,"GANGA AT KANNAUJ U/S (RAJGHAT), U.P",UTTAR PRADESH,Ganga,8.05,286.5,2.4,8.85,,GANGA,2020-06-30,SAFE,Within BIS acceptable pH,0.0,UNKNOWN,Insufficient data for composite check
2019,1068,GANGA AT KANPUR D/S (JAJMAU PUMPING STATION),UTTAR PRADESH,Ganga,8.0,332.5,4.5,7.0,,GANGA,2019-06-30,SAFE,Within BIS acceptable pH,0.0,UNSAFE,BOD > 3 mg/L
2020,1068,"GANGA AT KANPUR D/S (JAJMAU PUMPING STATION), U.P",UTTAR PRADESH,Ganga,7.85,329.0,4.2,8.25,,GANGA,2020-06-30,SAFE,Within BIS acceptable pH,0.0,UNSAFE,BOD > 3 mg/L
2019,1067,GANGA AT KANPUR U/S (RANIGHAT),UTTAR PRADESH,Ganga,8.25,285.5,3.25,8.05,,GANGA,2019-06-30,SAFE,Within BIS acceptable pH,0.0,UNSAFE,BOD > 3 mg/L
2020,1067,"GANGA AT KANPUR U/S (RANIGHAT), U.P",UTTAR PRADESH,Ganga,8.01,284.0,4.6,9.15,,GANGA,2020-06-30,SAFE,Within BIS acceptable pH,0.0,UNSAFE,BOD > 3 mg/L
2019,1145,GANGA AT NARORA (BULANDSAHAR),UTTAR PRADESH,Ganga,7.35,227.0,1.75,8.95,0.515,GANGA,2019-06-30,SAFE,Within BIS acceptable pH,0.0,UNKNOWN,Insufficient data for composite check
2020,1145,"GANGA AT NARORA (BULANDSAHAR), U.P.",UTTAR PRADESH,Ganga,7.1,190.0,,8.6,,GANGA,2020-06-30,SAFE,Within BIS acceptable pH,0.0,UNKNOWN,Insufficient data for composite check
2019,1073,GANGA AT TRIGHAT (GHAZIPUR),UTTAR PRADESH,Ganga,8.399999999999999,461.5,3.8,7.15,0.285,GANGA,2019-06-30,SAFE,Within BIS acceptable pH,0.0,UNSAFE,BOD > 3 mg/L
2020,1073,"GANGA AT TRIGHAT (GHAZIPUR), U.P",UTTAR PRADESH,Ganga,8.3,399.0,3.85,7.35,,GANGA,2020-06-30,SAFE,Within BIS acceptable pH,0.0,UNSAFE,BOD > 3 mg/L
2018,1071,GANGA AT VARANASI D-S (MALVIYA BRIDGE),UTTAR PRADESH,Ganga,8.2,477.0,5.15,6.949999999999999,0.335,GANGA,2018-06-30,SAFE,Within BIS acceptable pH,0.0,UNSAFE,BOD > 3 mg/L
2019,1071,GANGA AT VARANASI D/S (MALVIYA BRIDGE),UTTAR PRADESH,Ganga,8.3,460.0,3.8,7.2,0.275,GANGA,2019-06-30,SAFE,Within BIS acceptable pH,0.0,UNSAFE,BOD > 3 mg/L
2020,1071,"GANGA AT VARANASI D/S (MALVIYA BRIDGE), U.P",UTTAR PRADESH,Ganga,8.25,400.0,3.85,7.65,,GANGA,2020-06-30,SAFE,Within BIS acceptable pH,0.0,UNSAFE,BOD > 3 mg/L
2018,1070,GANGA AT VARANASI U-S (ASSIGHAT),UTTAR PRADESH,Ganga,8.3,416.5,2.85,8.3,0.21,GANGA,2018-06-30,SAFE,Within BIS acceptable pH,0.0,UNKNOWN,Insufficient data for composite check
2019,1070,GANGA AT VARANASI U/S (ASSIGHAT),UTTAR PRADESH,Ganga,8.25,438.0,2.5,8.6,0.18,GANGA,2019-06-30,SAFE,Within BIS acceptable pH,0.0,UNKNOWN,Insufficient data for composite check
2020,1070,"GANGA AT VARANASI U/S (ASSIGHAT), U.P",UTTAR PRADESH,Ganga,8.25,377.0,4.3,8.45,,GANGA,2020-06-30,SAFE,Within BIS acceptable pH,0.0,UNSAFE,BOD > 3 mg/L
2020,2489,"GANGA D/S, ANOOPSHAHAR",UTTAR PRADESH,Ganga,7.15,210.0,1.8,8.45,,GANGA,2020-06-30,SAFE,Within BIS acceptable pH,0.0,UNKNOWN,Insufficient data for composite check
2020,2486,"GANGA D/S, MIRZAPUR",UTTAR PRADESH,Ganga,8.2,391.0,3.75,7.300000000000001,,GANGA,2020-06-30,SAFE,Within BIS acceptable pH,0.0,UNSAFE,BOD > 3 mg/L
2020,2488,"GANGA U/S, ANOOPSHAHAR",UTTAR PRADESH,Ganga,7.0,1182.0,1.85,8.35,,GANGA,2020-06-30,SAFE,Within BIS acceptable pH,0.0,UNKNOWN,Insufficient data for composite check
2020,2485,"GANGA U/S, VINDHYACHAL, MIRZAPUR",UTTAR PRADESH,Ganga,8.15,531.0,2.5,8.15,,GANGA,2020-06-30,SAFE,Within BIS acceptable pH,0.0,UNKNOWN,Insufficient data for composite check
2019,10149,GHARMUKTESHWAR,UTTAR PRADESH,Ganga,7.05,209.5,1.35,9.4,0.55,Ganga,2019-06-30,SAFE,Within BIS acceptable pH,0.0,UNKNOWN,Insufficient data for composite check
2018,10150,"MADHYA GANGA BARRAGE, BIJNORE",UTTAR PRADESH,Ganga,7.35,136.0,1.4,8.95,,Ganga,2018-06-30,SAFE,Within BIS acceptable pH,0.0,UNKNOWN,Insufficient data for composite check
2023,10152,"RIVER GANGA A/C GOMTI RIVER, BHUSAULA",UTTAR PRADESH,Ganga,,435.0,3.3,7.9,1.315,Ganga,2023-06-30,UNKNOWN,pH missing,,UNSAFE,BOD > 3 mg/L
2023,10158,"RIVER GANGA A/C TAMSA RIVER, SIRSA, SON BARSA",UTTAR PRADESH,Ganga,,278.5,2.8,8.05,0.665,Ganga,2023-06-30,UNKNOWN,pH missing,,UNKNOWN,Insufficient data for composite check
2018,10158,"RIVER GANGA A/C TAMSA, SIRSA, SON BARSA",UTTAR PRADESH,Ganga,8.149999999999999,276.5,3.2,8.5,1.58,Ganga,2018-06-30,SAFE,Within BIS acceptable pH,0.0,UNSAFE,BOD > 3 mg/L
2021,1046,"RIVER GANGA AT ALLAHABAD (RASOOLABAD), U.P.",UTTAR PRADESH,Ganga,8.1,286.5,2.65,9.25,0.605,GANGA,2021-06-30,SAFE,Within BIS acceptable pH,0.0,UNKNOWN,Insufficient data for composite check
2021,1049,"RIVER GANGA AT ALLAHABAD D/S (SANGAM), U.P.",UTTAR PRADESH,Ganga,8.05,316.0,2.45,8.55,0.6100000000000001,GANGA,2021-06-30,SAFE,Within BIS acceptable pH,0.0,UNKNOWN,Insufficient data for composite check
2023,10154,RIVER GANGA AT BATHING GHAT (BHARAOGHAT),UTTAR PRADESH,Ganga,,333.5,3.65,,0.0,GANGA,2023-06-30,UNKNOWN,pH missing,,UNSAFE,BOD > 3 mg/L
2023,10156,RIVER GANGA AT BATHING GHAT (GOLA GHAT),UTTAR PRADESH,Ganga,,327.0,,,,GANGA,2023-06-30,UNKNOWN,pH missing,,UNKNOWN,Insufficient data for composite check
2023,10157,RIVER GANGA AT BATHING GHAT (JAJMAU BRIDGE),UTTAR PRADESH,Ganga,,448.0,4.15,,0.0,GANGA,2023-06-30,UNKNOWN,pH missing,,UNSAFE,BOD > 3 mg/L
2023,30006,RIVER GANGA AT BIJNOR (U.P.),UTTAR PRADESH,Ganga,,234.5,1.5,7.85,0.52,GANGA,2023-06-30,UNKNOWN,pH missing,,UNKNOWN,Insufficient data for composite check
2023,1146,"RIVER GANGA AT BITHOOR (KANPUR), U.P.",UTTAR PRADESH,Ganga,,290.0,,,,GANGA,2023-06-30,UNKNOWN,pH missing,,UNKNOWN,Insufficient data for composite check
2023,10153,RIVER GANGA AT CHUNAR,UTTAR PRADESH,Ganga,,438.0,3.3,8.0,1.28,GANGA,2023-06-30,UNKNOWN,pH missing,,UNSAFE,BOD > 3 mg/L
2023,10155,RIVER GANGA AT D/S (SHUKLAGANJ),UTTAR PRADESH,Ganga,,348.5,3.9,,0.0,GANGA,2023-06-30,UNKNOWN,pH missing,,UNSAFE,BOD > 3 mg/L
2023,1062,"RIVER GANGA AT D/S GARHMUKTESHWAR, U.P",UTTAR PRADESH,Ganga,,214.5,1.95,,0.4,GANGA,2023-06-30,UNKNOWN,pH missing,,UNKNOWN,Insufficient data for composite check
2019,10155,RIVER GANGA AT D/S SHUKLAGANJ,UTTAR PRADESH,Ganga,8.25,299.5,3.5500000000000003,7.7,,GANGA,2019-06-30,SAFE,Within BIS acceptable pH,0.0,UNSAFE,BOD > 3 mg/L
2023,1147,"RIVER GANGA AT DALMAU (RAI BAREILLY), U.P.",UTTAR PRADESH,Ganga,,322.5,3.2,,0.88,GANGA,2023-06-30,UNKNOWN,pH missing,,UNSAFE,BOD > 3 mg/L
2023,1066,"RIVER GANGA AT DURJANPUR, KANNAUJ D/S, U.P",UTTAR PRADESH,Ganga,,303.0,4.75,,0.0,GANGA,2023-06-30,UNKNOWN,pH missing,,UNSAFE,BOD > 3 mg/L
2021,10151,RIVER GANGA AT FARRUKABAD,UTTAR PRADESH,Ganga,8.25,307.0,2.9000000000000004,9.15,,GANGA,2021-06-30,SAFE,Within BIS acceptable pH,0.0,UNKNOWN,Insufficient data for composite check
2019,10151,RIVER GANGA AT FARUKKABAD,UTTAR PRADESH,Ganga,8.0,221.0,2.15,8.55,,GANGA,2019-06-30,SAFE,Within BIS acceptable pH,0.0,UNKNOWN,Insufficient data for composite check
2023,5713,"RIVER GANGA AT GANGA BRIDGE .NH19, DHEEMI",UTTAR PRADESH,Ganga,,302.5,3.1500000000000004,8.2,0.77,GANGA,2023-06-30,UNKNOWN,pH missing,,UNSAFE,BOD > 3 mg/L
2021,1062,"RIVER GANGA AT GARHMUKTESHWAR, U.P",UTTAR PRADESH,Ganga,7.5,330.5,2.05,8.8,0.35,GANGA,2021-06-30,SAFE,Within BIS acceptable pH,0.0,UNKNOWN,Insufficient data for composite check
2021,10149,RIVER GANGA AT GHARMUKTESHWAR,UTTAR PRADESH,Ganga,7.3,288.0,1.5,9.3,3.95,GANGA,2021-06-30,SAFE,Within BIS acceptable pH,0.0,UNKNOWN,Insufficient data for composite check
2023,10151,RIVER GANGA AT GHATIYAGHAT FARRUKABAD,UTTAR PRADESH,Ganga,,263.5,3.1500000000000004,,0.0,GANGA,2023-06-30,UNKNOWN,pH missing,,UNSAFE,BOD > 3 mg/L
2023,2490,"RIVER GANGA AT KACHHLA GHAT, ALIGARH",UTTAR PRADESH,Ganga,,,,,2.25,GANGA,2023-06-30,UNKNOWN,pH missing,,UNKNOWN,Insufficient data for composite check
2021,2487,"RIVER GANGA AT KADAGHAT, ALLAHABAD",UTTAR PRADESH,Ganga,7.9,245.0,1.95,8.65,0.52,GANGA,2021-06-30,SAFE,Within BIS acceptable pH,0.0,UNKNOWN,Insufficient data for composite check
2023,2487,"RIVER GANGA AT KADAGHAT, KAUSHAMABI",UTTAR PRADESH,Ganga,,266.0,2.75,8.100000000000001,0.69,GANGA,2023-06-30,UNKNOWN,pH missing,,UNKNOWN,Insufficient data for composite check
2023,2498,"RIVER GANGA AT KALA KANKAR, RAEBARELI",UTTAR PRADESH,Ganga,,319.0,3.1,,0.8200000000000001,GANGA,2023-06-30,UNKNOWN,pH missing,,UNSAFE,BOD > 3 mg/L
2021,1066,"RIVER GANGA AT KANNAUJ D/S, U.P",UTTAR PRADESH,Ganga,8.2,268.5,3.95,7.95,,GANGA,2021-06-30,SAFE,Within BIS acceptable pH,0.0,UNSAFE,BOD > 3 mg/L
2023,1063,"RIVER GANGA AT KANNAUJ U/S (NEAR MEHNDIGHAT BRIDGE), U.P",UTTAR PRADESH,Ganga,,282.5,3.45,,0.0,GANGA,2023-06-30,UNKNOWN,pH missing,,UNSAFE,BOD > 3 mg/L
2021,1063,"RIVER GANGA AT KANNAUJ U/S (RAJGHAT), U.P",UTTAR PRADESH,Ganga,8.25,279.5,2.85,8.25,,GANGA,2021-06-30,SAFE,Within BIS acceptable pH,0.0,UNKNOWN,Insufficient data for composite check
2021,1068,"RIVER GANGA AT KANPUR D/S (JAJMAU PUMPING STATION), U.P",UTTAR PRADESH,Ganga,8.05,297.5,4.25,7.7,,GANGA,2021-06-30,SAFE,Within BIS acceptable pH,0.0,UNSAFE,BOD > 3 mg/L
2023,1068,"RIVER GANGA AT KANPUR D/S (JANA VILLAGE), U.P",UTTAR PRADESH,Ganga,,457.0,,,,GANGA,2023-06-30,UNKNOWN,pH missing,,UNKNOWN,Insufficient data for composite check
2021,1067,"RIVER GANGA AT KANPUR U/S (RANIGHAT), U.P",UTTAR PRADESH,Ganga,8.25,256.5,3.5,8.45,,GANGA,2021-06-30,SAFE,Within BIS acceptable pH,0.0,UNSAFE,BOD > 3 mg/L
2023,1067,"RIVER GANGA AT KANPUR U/S (SHUKLAGANJ U/S), U.P",UTTAR PRADESH,Ganga,,328.5,3.7,,0.0,GANGA,2023-06-30,UNKNOWN,pH missing,,UNSAFE,BOD > 3 mg/L
2023,10150,"RIVER GANGA AT MADHYA GANGA BARRAGE, BIJNOR",UTTAR PRADESH,Ganga,,240.5,1.3,8.85,0.0,GANGA,2023-06-30,UNKNOWN,pH missing,,UNKNOWN,Insufficient data for composite check
2021,1145,RIVER GANGA AT NARORA (BULANDSAHAR),UTTAR PRADESH,Ganga,7.3,153.0,2.0,7.699999999999999,,GANGA,2021-06-30,SAFE,Within BIS acceptable pH,0.0,UNKNOWN,Insufficient data for composite check
2023,1145,"RIVER GANGA AT NARORA (BULANDSAHAR), U.P.",UTTAR PRADESH,Ganga,,141.5,1.9,,0.0,GANGA,2023-06-30,UNKNOWN,pH missing,,UNKNOWN,Insufficient data for composite check
2023,1046,"RIVER GANGA AT PRAYAGRAJ (RASOOLABAD), U.P.",UTTAR PRADESH,Ganga,,246.5,2.8,8.2,0.6799999999999999,GANGA,2023-06-30,UNKNOWN,pH missing,,UNKNOWN,Insufficient data for composite check
2023,1049,"RIVER GANGA AT PRAYAGRAJ D/S (SANGAM), U.P.",UTTAR PRADESH,Ganga,,275.0,2.8,8.1,0.63,GANGA,2023-06-30,UNKNOWN,pH missing,,UNKNOWN,Insufficient data for composite check
2022,30075,"RIVER GANGA AT ROAD BRIDGE TARIGHAT,DIST GHAZIPUR (U.P.)",UTTAR PRADESH,Ganga,7.565,453.0,3.95,7.5,0.8300000000000001,GANGA,2022-06-30,SAFE,Within BIS acceptable pH,0.0,UNSAFE,BOD > 3 mg/L
2023,1073,"RIVER GANGA AT TARIGHAT (GHAZIPUR), U.P",UTTAR PRADESH,Ganga,,552.0,4.1,7.35,1.5499999999999998,GANGA,2023-06-30,UNKNOWN,pH missing,,UNSAFE,BOD > 3 mg/L
2021,30075,RIVER GANGA AT TARIGHAT GHAZIPUR (U.P.),UTTAR PRADESH,Ganga,7.55,466.5,3.85,7.65,1.575,GANGA,2021-06-30,SAFE,Within BIS acceptable pH,0.0,UNSAFE,BOD > 3 mg/L
2021,1073,"RIVER GANGA AT TRIGHAT (GHAZIPUR), U.P",UTTAR PRADESH,Ganga,7.95,416.0,3.9,7.4,0.95,GANGA,2021-06-30,SAFE,Within BIS acceptable pH,0.0,UNSAFE,BOD > 3 mg/L
2022,10149,"RIVER GANGA AT U/S BRIJ GHAT ,GHARMUKTESHWAR",UTTAR PRADESH,Ganga,7.3,460.0,2.2,9.65,,GANGA,2022-06-30,SAFE,Within BIS acceptable pH,0.0,UNKNOWN,Insufficient data for composite check
2021,1071,"RIVER GANGA AT VARANASI D/S (MALVIYA BRIDGE), U.P",UTTAR PRADESH,Ganga,7.85,417.0,3.7,7.800000000000001,0.91,GANGA,2021-06-30,SAFE,Within BIS acceptable pH,0.0,UNSAFE,BOD > 3 mg/L
2023,1071,"RIVER GANGA AT VARANASI D/S , A/C RIVER VARUNA , U.P",UTTAR PRADESH,Ganga,,441.0,3.9,7.6,1.485,GANGA,2023-06-30,UNKNOWN,pH missing,,UNSAFE,BOD > 3 mg/L
2021,1070,"RIVER GANGA AT VARANASI U/S (ASSIGHAT), U.P",UTTAR PRADESH,Ganga,8.0,405.0,2.25,8.4,0.78,GANGA,2021-06-30,SAFE,Within BIS acceptable pH,0.0,UNKNOWN,Insufficient data for composite check
2023,1070,"RIVER GANGA AT VARANASI U/S NEAR VISHWASUNDARI BRIDGE B/C DRAINS( NAGWA NALA, SAMNE GHAT NALA,NAKHHI NALA)",UTTAR PRADESH,Ganga,,431.0,2.45,8.4,1.07,GANGA,2023-06-30,UNKNOWN,pH missing,,UNKNOWN,Insufficient data for composite check
2023,2489,"RIVER GANGA D/S, ANOOPSHAHAR",UTTAR PRADESH,Ganga,,140.0,1.8,,0.0,GANGA,2023-06-30,UNKNOWN,pH missing,,UNKNOWN,Insufficient data for composite check
2023,2486,"RIVER GANGA D/S, MIRZAPUR",UTTAR PRADESH,Ganga,,442.0,3.9,7.55,0.98,GANGA,2023-06-30,UNKNOWN,pH missing,,UNSAFE,BOD > 3 mg/L
2023,5710,"RIVER GANGA PURANA RAJAPUR, RAJAPUR, KANPUR",UTTAR PRADESH,Ganga,,396.0,3.6,,0.0,Ganga,2023-06-30,UNKNOWN,pH missing,,UNSAFE,BOD > 3 mg/L
2023,5708,"RIVER GANGA TIGRI GANGA GHAT, VILLAGE-TIGARI, AMROHA",UTTAR PRADESH,Ganga,,246.5,1.4,8.65,0.0,Ganga,2023-06-30,UNKNOWN,pH missing,,UNKNOWN,Insufficient data for composite check
2023,2488,"RIVER GANGA U/S, ANOOPSHAHAR",UTTAR PRADESH,Ganga,,146.0,1.85,,0.0,GANGA,2023-06-30,UNKNOWN,pH missing,,UNKNOWN,Insufficient data for composite check
2023,2485,"RIVER GANGA U/S, VINDHYACHAL, MIRZAPUR",UTTAR PRADESH,Ganga,,433.0,2.55,8.35,,GANGA,2023-06-30,UNKNOWN,pH missing,,UNKNOWN,Insufficient data for composite check
2023,5709,"RIVER GANGAÂ NANAMAU GANGA BRIDGE, LUCKNOW MOHAN-HASANGANJ- RASULABAD MARG, KARTI AKBERPUR SENG",UTTAR PRADESH,Ganga,,325.0,3.15,,0.0,Ganga,2023-06-30,UNKNOWN,pH missing,,UNSAFE,BOD > 3 mg/L
2023,5716,"RIVER GANGAÂ ZAMANIA GANGA BRIDGE , ZAMANIZ, UP",UTTAR PRADESH,Ganga,,428.0,3.2,7.9,1.18,Ganga,2023-06-30,UNKNOWN,pH missing,,UNSAFE,BOD > 3 mg/L
2019,10153,RIVER GNAGA TA CHUNAR,UTTAR PRADESH,Ganga,5.35,424.0,3.35,7.85,0.945,Ganga,2019-06-30,UNSAFE,pH outside 6.5–8.5 (BIS IS 10500),1.1500000000000004,UNSAFE,pH out of 6.5–8.5; BOD > 3 mg/L
2016,2483,VARUNA B/C WITH GANGA AT VARANASI,UTTAR PRADESH,Suswa,8.0,531.5,30.0,3.95,0.0,GANGA,2016-06-30,SAFE,Within BIS acceptable pH,0.0,UNSAFE,DO < 5 mg/L; BOD > 3 mg/L
2018,1061,GANGA AT HARIDWAR D/S,UTTARAKHAND,Ganga,8.0,,1.1,9.6,,GANGA,2018-06-30,SAFE,Within BIS acceptable pH,0.0,UNKNOWN,Insufficient data for composite check
2019,1061,"GANGA AT HARIDWAR D/S, UPPER GANGA CANAL D/S BALKUMARI MANDIR,",UTTARAKHAND,Ganga,7.55,202.0,1.5,9.0,,GANGA,2019-06-30,SAFE,Within BIS acceptable pH,0.0,UNKNOWN,Insufficient data for composite check
2020,1061,"GANGA AT HARIDWAR D/S, UPPER GANGA CANAL D/S BALKUMARI MANDIR, AJEETPUR, HARIDWAR",UTTARAKHAND,Ganga,7.55,272.0,1.6,9.3,,GANGA,2020-06-30,SAFE,Within BIS acceptable pH,0.0,UNKNOWN,Insufficient data for composite check
2019,1060,GANGA AT RISHIKESH U/S,UTTARAKHAND,Ganga,7.8,119.5,1.0,10.8,,GANGA,2019-06-30,SAFE,Within BIS acceptable pH,0.0,UNKNOWN,Insufficient data for composite check
2020,1060,"GANGA AT RISHIKESH U/S,",UTTARAKHAND,Ganga,7.75,136.5,,10.2,,GANGA,2020-06-30,SAFE,Within BIS acceptable pH,0.0,UNKNOWN,Insufficient data for composite check
2018,20050,JAGJITPUR,UTTARAKHAND,Ganga,7.699999999999999,,10.4,,,Ganga,2018-06-30,SAFE,Within BIS acceptable pH,0.0,UNSAFE,BOD > 3 mg/L
2019,20049,LAKKAR GHAT- OXIDATION PONDS,UTTARAKHAND,Ganga,8.1,,1.0,9.5,,Ganga,2019-06-30,SAFE,Within BIS acceptable pH,0.0,UNKNOWN,Insufficient data for composite check
2018,20049,LAKKAR GHAT-OXIDATION PONDS,UTTARAKHAND,Ganga,7.800000000000001,,33.0,,,Ganga,2018-06-30,SAFE,Within BIS acceptable pH,0.0,UNSAFE,BOD > 3 mg/L
2019,10148,RIVER GANGA AT HAR KI PAURI GHAT,UTTARAKHAND,Ganga,7.95,138.0,1.0,9.6,,GANGA,2019-06-30,SAFE,Within BIS acceptable pH,0.0,UNKNOWN,Insufficient data for composite check
2017,10148,RIVER GANGA AT HAR-KI- PAURI GHAT,UTTARAKHAND,Ganga,7.3,,1.0,9.2,,GANGA,2017-06-30,SAFE,Within BIS acceptable pH,0.0,UNKNOWN,Insufficient data for composite check
2021,1061,"RIVER GANGA AT HARIDWAR D/S, UPPER GANGA CANAL D/S BALKUMARI MANDIR, AJEETPUR, HARIDWAR",UTTARAKHAND,Ganga,7.45,249.5,1.8,9.2,0.4599999999999999,GANGA,2021-06-30,SAFE,Within BIS acceptable pH,0.0,UNKNOWN,Insufficient data for composite check
2021,1060,"RIVER GANGA AT RISHIKESH U/S,",UTTARAKHAND,Ganga,7.7,264.0,1.1,10.1,1.03,GANGA,2021-06-30,SAFE,Within BIS acceptable pH,0.0,UNKNOWN,Insufficient data for composite check
2021,2727,"RIVER GANGA AT UPPER GANGA CANAL D/S ROORKEE, HARIDWAR",UTTARAKHAND,Ganga,7.35,202.0,1.5,9.4,0.4399999999999999,GANGA,2021-06-30,SAFE,Within BIS acceptable pH,0.0,UNKNOWN,Insufficient data for composite check
2021,10147,RIVER GANGA D/S RISHIKESH,UTTARAKHAND,Ganga,7.649999999999999,188.0,1.2,9.9,1.2,GANGA,2021-06-30,SAFE,Within BIS acceptable pH,0.0,UNKNOWN,Insufficient data for composite check
2021,3997,"RIVER GANGA U/S HARIDWAR AT ABINDUGHAT, DUDHIYABAD, HARIDWAR",UTTARAKHAND,Ganga,7.9,211.0,1.75,9.5,0.32,GANGA,2021-06-30,SAFE,Within BIS acceptable pH,0.0,UNKNOWN,Insufficient data for composite check
2019,20048,SWARG ASHRAM-1,UTTARAKHAND,Ganga,8.0,198.5,1.0,9.7,,Ganga,2019-06-30,SAFE,Within BIS acceptable pH,0.0,UNKNOWN,Insufficient data for composite check
2018,20048,SWARG-ASHRAM -1,UTTARAKHAND,Ganga,7.449999999999999,,10.0,,,Ganga,2018-06-30,SAFE,Within BIS acceptable pH,0.0,UNSAFE,BOD > 3 mg/L
2023,1060,"RIVER GANGA U/S AT LAXMANJHULA,RISHIKESH",UTTARAKHAND 12.0,Ganga,,112.0,1.0,,0.185,GANGA,2023-06-30,UNKNOWN,pH missing,,UNKNOWN,Insufficient data for composite check
2023,5776,"RIVER GANGA AT SWARG ASHRAM ,RISHIKESH",UTTARAKHAND 13.0,Ganga,,174.5,1.0,,0.375,GANGA,2023-06-30,UNKNOWN,pH missing,,UNKNOWN,Insufficient data for composite check
2023,10147,"RIVER GANGA D/S AT BAIRAAJ,RISHIKESH",UTTARAKHAND 14.0,Ganga,,104.0,1.1,,0.355,GANGA,2023-06-30,UNKNOWN,pH missing,,UNKNOWN,Insufficient data for composite check
2023,10148,RIVER GANGA AT HAR-KI-PAURI GHAT,UTTARAKHAND 14.8,Ganga,,258.5,1.5,,0.985,GANGA,2023-06-30,UNKNOWN,pH missing,,UNKNOWN,Insufficient data for composite check
2023,3997,"RIVER GANGA U/S AT ABINDUGHAT, DUDHIYABAD, HARIDWAR",UTTARAKHAND 16.8,Ganga,,320.0,1.9,8.7,0.91,GANGA,2023-06-30,UNKNOWN,pH missing,,UNKNOWN,Insufficient data for composite check
2023,1061,"RIVER GANGA D/S AT BALKUMARI MANDIR, AJEETPUR, HARIDWAR",UTTARAKHAND 17.9,Ganga,,397.0,1.8,8.5,0.915,GANGA,2023-06-30,UNKNOWN,pH missing,,UNKNOWN,Insufficient data for composite check
2023,5778,"RIVER GANGA NEAR BISHANPUR KUNDI, HARIDWAR",UTTARAKHAND 18.2,Ganga,,,,8.7,0.95,GANGA,2023-06-30,UNKNOWN,pH missing,,UNKNOWN,Insufficient data for composite check
2023,30005,RIVER GANGA AT SULTANPUR (UTTARAKHAND),UTTARAKHAND 21.5,Ganga,,219.0,1.95,7.8,0.365,GANGA,2023-06-30,UNKNOWN,pH missing,,UNKNOWN,Insufficient data for composite check
2018,1080,GANGA AT BAHARAMPORE,WEST BENGAL,Ganga,7.949999999999999,268.0,3.25,8.25,0.575,GANGA,2018-06-30,SAFE,Within BIS acceptable pH,0.0,UNSAFE,BOD > 3 mg/L
2019,1080,"GANGA AT BAHARAMPORE, MURSHIDABAD,",WEST BENGAL,Ganga,7.95,289.0,2.8,8.05,0.505,GANGA,2019-06-30,SAFE,Within BIS acceptable pH,0.0,UNKNOWN,Insufficient data for composite check
2020,1080,"GANGA AT BAHARAMPORE, MURSHIDABAD, WEST BENGAL",WEST BENGAL,Ganga,,316.0,2.975,8.55,0.4649999999999999,GANGA,2020-06-30,UNKNOWN,pH missing,,UNKNOWN,Insufficient data for composite check
2018,1053,GANGA AT DAKSHINESHWAR,WEST BENGAL,Ganga,7.55,416.5,4.15,6.55,0.41,GANGA,2018-06-30,SAFE,Within BIS acceptable pH,0.0,UNSAFE,BOD > 3 mg/L
2020,1053,"GANGA AT DAKSHMINESHWAR, KOLKATA, WEST BENGAL",WEST BENGAL,Yamuna,,368.5,3.275,6.1,,GANGA,2020-06-30,UNKNOWN,pH missing,,UNSAFE,BOD > 3 mg/L
2018,1469,GANGA AT DIAMOND HARBOUR,WEST BENGAL,Ganga,8.15,4914.0,3.35,6.65,0.46,GANGA,2018-06-30,SAFE,Within BIS acceptable pH,0.0,UNSAFE,BOD > 3 mg/L
2020,1469,"GANGA AT DIAMOND HARBOUR, 24 PARGANAS (S)WEST BENGAL",WEST BENGAL,Yamuna,,2242.5,2.7,6.0,,GANGA,2020-06-30,UNKNOWN,pH missing,,UNKNOWN,Insufficient data for composite check
2018,1470,GANGA AT GARDEN REACH,WEST BENGAL,Ganga,7.0,382.0,3.3,6.1,0.415,GANGA,2018-06-30,SAFE,Within BIS acceptable pH,0.0,UNSAFE,BOD > 3 mg/L
2020,1470,"GANGA AT GARDEN REACH, KOLKATA, WEST BENGAL",WEST BENGAL,Yamuna,,383.0,3.2,5.65,,GANGA,2020-06-30,UNKNOWN,pH missing,,UNSAFE,BOD > 3 mg/L
2018,1471,GANGA AT HOWRAH-SHIVPUR,WEST BENGAL,Ganga,7.199999999999999,275.5,3.95,5.9,0.41,GANGA,2018-06-30,SAFE,Within BIS acceptable pH,0.0,UNSAFE,BOD > 3 mg/L
2020,1471,GANGA AT HOWRAH-SHIVPUR WEST BENGAL,WEST BENGAL,Yamuna,,465.0,3.0250000000000004,5.85,1.255,GANGA,2020-06-30,UNKNOWN,pH missing,,UNSAFE,BOD > 3 mg/L
2019,1054,GANGA AT PALTA,WEST BENGAL,Yamuna,7.95,295.0,3.95,6.800000000000001,0.5700000000000001,GANGA,2019-06-30,SAFE,Within BIS acceptable pH,0.0,UNSAFE,BOD > 3 mg/L
2020,1054,GANGA AT PALTA WEST BENGAL,WEST BENGAL,Ganga,8.28,287.5,4.275,7.95,0.55,GANGA,2020-06-30,SAFE,Within BIS acceptable pH,0.0,UNSAFE,BOD > 3 mg/L
2020,1335,GANGA AT PATIKALI NEAR DURGA CHAK WEST BENGAL,WEST BENGAL,Yamuna,,6273.0,,6.6,,GANGA,2020-06-30,UNKNOWN,pH missing,,UNKNOWN,Insufficient data for composite check
2018,1472,GANGA AT SERAMPORE,WEST BENGAL,Ganga,7.7,322.5,5.4,7.35,0.405,GANGA,2018-06-30,SAFE,Within BIS acceptable pH,0.0,UNSAFE,BOD > 3 mg/L
2020,1472,"GANGA AT SERAMPORE, HOOGHLY,WEST BENGAL",WEST BENGAL,Yamuna,8.27,306.0,2.85,8.35,0.63,GANGA,2020-06-30,SAFE,Within BIS acceptable pH,0.0,UNKNOWN,Insufficient data for composite check
2017,1052,GANGA AT ULUBERIA,WEST BENGAL,Yamuna,7.55,3367.5,2.85,5.7,0.5,GANGA,2017-06-30,SAFE,Within BIS acceptable pH,0.0,UNKNOWN,Insufficient data for composite check
2020,1052,"GANGA AT ULUBERIA , HOWRAH,WEST BENGAL",WEST BENGAL,Yamuna,,427.0,2.475,6.05,1.4,GANGA,2020-06-30,UNKNOWN,pH missing,,UNKNOWN,Insufficient data for composite check
2018,10160,GORABAZAR,WEST BENGAL,Ganga,8.05,267.0,2.9,8.35,0.385,Ganga,2018-06-30,SAFE,Within BIS acceptable pH,0.0,UNKNOWN,Insufficient data for composite check
2018,10159,KHAGRA,WEST BENGAL,Ganga,7.949999999999999,278.0,3.95,8.2,0.605,Ganga,2018-06-30,SAFE,Within BIS acceptable pH,0.0,UNSAFE,BOD > 3 mg/L
2018,10161,PALTA SHITLATALA,WEST BENGAL,Ganga,8.0,439.5,4.6,7.5,0.855,Ganga,2018-06-30,SAFE,Within BIS acceptable pH,0.0,UNSAFE,BOD > 3 mg/L
2023,1080,"RIVER GANGA AT BAHARAMPORE, MURSHIDABAD, WEST BENGAL",WEST BENGAL,Ganga,,329.0,2.05,7.9,0.605,GANGA,2023-06-30,UNKNOWN,pH missing,,UNKNOWN,Insufficient data for composite check
2019,10160,RIVER GANGA AT BEHRAMPORE (GORA BAZAR) MURSHIDABAD,WEST BENGAL,Ganga,8.0,295.0,4.4,7.9,0.5700000000000001,GANGA,2019-06-30,SAFE,Within BIS acceptable pH,0.0,UNSAFE,BOD > 3 mg/L
2019,10159,RIVER GANGA AT BEHRAMPORE (KHAGRA) MURSHIDABAD,WEST BENGAL,Ganga,7.85,280.0,3.3,7.9,0.5549999999999999,GANGA,2019-06-30,SAFE,Within BIS acceptable pH,0.0,UNSAFE,BOD > 3 mg/L
2023,10159,"RIVER GANGA AT BEHRAMPORE(KHAGRA), MURSHIDABAD",WEST BENGAL,Ganga,,326.5,2.15,7.9,0.4499999999999999,GANGA,2023-06-30,UNKNOWN,pH missing,,UNKNOWN,Insufficient data for composite check
2023,10160,"RIVER GANGA AT BEHRAMPORE, (GORA BAZAR),MURSHIDABAD",WEST BENGAL,Ganga,,328.0,2.15,7.95,0.515,GANGA,2023-06-30,UNKNOWN,pH missing,,UNKNOWN,Insufficient data for composite check
2023,1053,"RIVER GANGA AT DAKSHMINESHWAR, KOLKATA, WEST BENGAL",WEST BENGAL,Ganga,,340.5,2.85,6.25,0.8250000000000001,GANGA,2023-06-30,UNKNOWN,pH missing,,UNKNOWN,Insufficient data for composite check
2023,1469,"RIVER GANGA AT DIAMOND HARBOUR, 24 PARGANAS (S)WEST BENGAL",WEST BENGAL,Ganga,,,,6.050000000000001,1.23,GANGA,2023-06-30,UNKNOWN,pH missing,,UNKNOWN,Insufficient data for composite check
2023,5162,"RIVER GANGA AT FARAKKA, MUSHIDABAD",WEST BENGAL,Ganga,,329.5,2.1,7.65,0.64,GANGA,2023-06-30,UNKNOWN,pH missing,,UNKNOWN,Insufficient data for composite check
2023,1470,"RIVER GANGA AT GARDEN REACH, KOLKATA, WEST BENGAL",WEST BENGAL,Ganga,,356.0,2.95,6.4,1.085,GANGA,2023-06-30,UNKNOWN,pH missing,,UNKNOWN,Insufficient data for composite check
2023,1471,RIVER GANGA AT HOWRAH-SHIVPUR WEST BENGAL,WEST BENGAL,Ganga,,352.5,3.0,6.4,0.955,GANGA,2023-06-30,UNKNOWN,pH missing,,UNKNOWN,Insufficient data for composite check
2023,1054,RIVER GANGA AT PALTA WEST BENGAL,WEST BENGAL,Ganga,,338.0,2.15,7.550000000000001,0.575,GANGA,2023-06-30,UNKNOWN,pH missing,,UNKNOWN,Insufficient data for composite check
2023,10161,"RIVER GANGA AT PALTA, SHITALTALA,",WEST BENGAL,Ganga,,362.0,2.15,7.35,0.525,GANGA,2023-06-30,UNKNOWN,pH missing,,UNKNOWN,Insufficient data for composite check
2023,1335,RIVER GANGA AT PATIKALI NEAR DURGA CHAK WEST BENGAL,WEST BENGAL,Ganga,,,,6.45,1.095,GANGA,2023-06-30,UNKNOWN,pH missing,,UNKNOWN,Insufficient data for composite check
2023,1472,"RIVER GANGA AT SERAMPORE, HOOGHLY,WEST BENGAL",WEST BENGAL,Ganga,,,,7.5,0.655,GANGA,2023-06-30,UNKNOWN,pH missing,,UNKNOWN,Insufficient data for composite check
2022,1052,"RIVER GANGA AT ULUBERIA , HOWRAH,WEST BENGAL",WEST BENGAL,Ganga,7.43,369.0,3.45,6.15,1.095,GANGA,2022-06-30,SAFE,Within BIS acceptable pH,0.0,UNSAFE,BOD > 3 mg/L
2022,1337,"RIVER RUPNARAYAN BEFORE CONFL. TO GANGA NEAR GEONKHALI,MEDINIPORE WEST BENGAL",WEST BENGAL,"Tributary Streams - Jumar, Ajay, Konar, Garga, Bokaro, Sankh, Barakar, Damodar, Nalkari, Surbarnrekha, Jamunia, Katri, Mathabhanga, Churni, Dwarakeshwar, Jalangi, Rupnarayan, Tarapith, Bindyadhari, Kansi, Mahananda, Silabati, Haldi And Rasulpur",7.814999999999999,1912.0,1.55,6.6,,GANGA,2022-06-30,SAFE,Within BIS acceptable pH,0.0,UNKNOWN,Insufficient data for composite check
2021,1337,"RIVER RUPNARAYAN BEFORE CONFL. TO GANGA NEAR GEONKHALI,MEDINIPORE, WEST BENGAL",WEST BENGAL,Tributary Streams - Jumar At Bit Mesra,7.699999999999999,2159.0,1.05,6.699999999999999,1.1,GANGA,2021-06-30,SAFE,Within BIS acceptable pH,0.0,UNKNOWN,Insufficient data for composite check
2023,1337,"RIVER RUPNARAYAN BEFORE CONFL. TO GANGA NEAR GEONKHALI,MEDINIPOREÂ€, WEST BENGAL",WEST BENGAL,"Tributary Streams - Jumar, Ajay, Konar, Garga, Bokaro, Sankh, Barakar, Damodar, Nalkari, Surbarnrekha, Jamunia, Katri, Mathabhanga, Churni, Dwarakeshwar, Jalangi, Rupnarayan, Tarapith, Bindyadhari, Kansi, Mahananda, Silabati, Haldi And Rasulpur",,,,6.05,0.635,GANGA,2023-06-30,UNKNOWN,pH missing,,UNKNOWN,Insufficient data for composite check
2023,2506,"RIVER TRIBENI ON GANGA, NEAR BURNING GHAT, HOOGHLY",WEST BENGAL,Ganga,,325.5,2.0,7.399999999999999,0.47,Ganga,2023-06-30,UNKNOWN,pH missing,,UNKNOWN,Insufficient data for composite check
2016,1337,RUPNARAYAN B/C TO RIVER GANGA NEAR GEONKHALI,WEST BENGAL,Tons,8.15,6286.0,1.65,6.65,0.4499999999999999,GANGA,2016-06-30,SAFE,Within BIS acceptable pH,0.0,UNKNOWN,Insufficient data for composite check
2018,1337,"RUPNARAYAN BEFORE CONFL. TO RIVER GANGA NEAR GEONKHALI, WEST BENGAL",WEST BENGAL,Tributary Streams - At Masanjore Dam Barakar At Maithan Dam Barakar At Asansol,7.5,3591.0,1.95,6.199999999999999,0.4,GANGA,2018-06-30,SAFE,Within BIS acceptable pH,0.0,UNKNOWN,Insufficient data for composite check
2019,1337,"RUPNARAYAN BEFORE CONFL. TO RIVER GANGA NEAR GEONKHALI,MEDINIPORE",WEST BENGAL,Brahamputra,7.6,3413.0,2.2,6.4,1.15,GANGA,2019-06-30,SAFE,Within BIS acceptable pH,0.0,UNKNOWN,Insufficient data for composite check
2020,1337,"RUPNARAYAN BEFORE CONFL. TO RIVER GANGA NEAR GEONKHALI,MEDINIPORE, WEST BENGAL",WEST BENGAL,Tributary Streams - At Bit Mesra,,1655.5,,7.35,3.555,GANGA,2020-06-30,UNKNOWN,pH missing,,UNKNOWN,Insufficient data for composite check
2018,2506,"TRIBENI ON GANGA, NEAR BURNING GHAT",WEST BENGAL,Ganga,7.949999999999999,341.0,2.85,8.0,0.525,Ganga,2018-06-30,SAFE,Within BIS acceptable pH,0.0,UNKNOWN,Insufficient data for composite check
2020,2506,"TRIBENI ON GANGA, NEAR BURNING GHAT, HOOGHLY",WEST BENGAL,Ganga,,311.5,4.475,7.899999999999999,,Ganga,2020-06-30,UNKNOWN,pH missing,,UNSAFE,BOD > 3 mg/L
2018,1052,ULUBERIA,WEST BENGAL,Ganga,7.15,416.5,2.95,6.15,0.415,Ganga,2018-06-30,SAFE,Within BIS acceptable pH,0.0,UNKNOWN,Insufficient data for composite check
